smiles,scores
CN(C(=N)N=C(N)N)C,0.6541683883815191
CN(CN)C(=N)N=C(N)N,0.813017323159578
C=NC(N)=NC(=N)N(C)C,0.7195866054962673
CN(C=N)C(=N)N=C(N)N,0.6548393929235469
CN(C=O)C(=N)N=C(N)N,0.6173600764344206
CCN(C)C(=N)N=C(N)N,0.6136009849517428
CN(C)C(N=C(N)N)=NO,0.6004323763795183
CN(C)C(=N)N=C(N)NN,0.5334496090992507
CN(C)C(=N)N=C(N)NO,0.5171154587727426
CN(C)C(=N)N=C(N)N=N,0.5095286442451731
CN(C)C(=N)N=C(N)N=O,0.5087148691950993
CN(CO)C(=N)N=C(N)N,0.5
CN(C)C(N=C(N)N)=NN,0.4929363373382597
C=CN(C)C(=N)N=C(N)N,0.49056545324705836
CNC(N)=NC(=N)N(C)C,0.3065628892089835
CN=C(N=C(N)N)N(C)C,0.24753228664536617
C=NC(N)=NC(=N)N(C)C=N,0.8946169471398472
CN(CN)C(=N)N=C(N)NN,0.8671179003129171
CN(C(=N)N=C(N)N)C(O)O,0.8598309977571317
CN(CN)C(N=C(N)N)=NN,0.8583081614203947
CN(CCN)C(=N)N=C(N)N,0.8319108158901024
N=C(N=C(N)N)N(C=O)CO,0.8258786616403906
CCN(C=O)C(=N)N=C(N)N,0.8243551163656925
C=NC(N)=NC(=N)N(C)CN,0.8182783190424847
N=C(N=C(N)N)N(C=O)CN,0.8141503104463207
CN(CN)C(=N)N=C(N)NO,0.7895300790860418
CC(O)N(C)C(=N)N=C(N)N,0.7815960483913521
CN(C=N)C(=N)N=C(N)NO,0.7777472559162423
CN(CN=N)C(=N)N=C(N)N,0.7659613075103314
CC(=N)N(C)C(=N)N=C(N)N,0.7637817968902821
CNCN(C)C(=N)N=C(N)N,0.7602080460119521
C=NC(=NC(=N)N(C)C)NO,0.7552631440385973
C=C(C)N(C)C(=N)N=C(N)N,0.7551009198558873
C=NC(N)=NC(=N)N(C)C=O,0.7505213954553056
CN(C=N)C(=N)N=C(N)N=N,0.7414926284349647
CN(CNN)C(=N)N=C(N)N,0.7339117121481203
CN(CN=O)C(=N)N=C(N)N,0.732258833845629
CN=C(N=C(N)N)N(C)C=O,0.7318551846567163
CN(C)C(N=C(N)N=O)=NO,0.7295176339034389
C=NNC(N)=NC(=N)N(C)C,0.7217840136727937
CN(CCO)C(=N)N=C(N)N,0.7027430849127113
CN(C(=N)N=C(N)N)C(N)N,0.6959767587929223
C=CN(CC)C(=N)N=C(N)N,0.692027688792656
CN(CN)C(=N)N=C(N)N=O,0.6872619527342897
C=CN=C(N=C(N)N)N(C)C,0.6816548769589796
C=C(N)N(C)C(=N)N=C(N)N,0.6800311071799847
C=NC(N=N)=NC(=N)N(C)C,0.6730147442093967
C=C(O)N(C)C(=N)N=C(N)N,0.6720332652813626
COCN(C)C(=N)N=C(N)N,0.6572563845363453
CN(C)C(=N)N=C(N=N)NO,0.6529825503095354
CC(C)N(C)C(=N)N=C(N)N,0.6522140830628396
CN(C=C=O)C(=N)N=C(N)N,0.650086126100774
CN(C)C(=N)N=C(N)NCN,0.647875400736876
CN(CO)C(=N)N=C(N)NN,0.6465361481495208
CN(C=N)C(=N)N=C(N)NN,0.6463277624360224
CN(C)C(=N)N=C(N=N)NN,0.6461582439453772
CN(CO)C(=N)N=C(N)N=O,0.6448114331002318
CN(C=O)C(=N)N=C(N)N=N,0.6446488368600568
C=CN(C)C(=N)N=C(N)N=C,0.6438673982007181
CCN(C)C(N=C(N)N)=NN,0.6371998207976748
CN(C)C(N=C(N)N=N)=NO,0.6353983548341882
CN=C(N=C(N)N=N)N(C)C,0.6341073781661298
C=C=CN(C)C(=N)N=C(N)N,0.6284902853529545
CN(C)C(N=C(N)N=O)=NN,0.6223197687070917
CNNC(N)=NC(=N)N(C)C,0.6167701372247028
CNC(N=O)=NC(=N)N(C)C,0.6152213101391549
C=NCN(C)C(=N)N=C(N)N,0.6121258848809399
CCN(C=N)C(=N)N=C(N)N,0.6115788538800107
C=CNC(N)=NC(=N)N(C)C,0.6114567348796097
CCN(C)C(=N)N=C(N)N=O,0.5981161845580905
C=NN=C(N=C(N)N)N(C)C,0.5935133708074959
C=CN(C)C(N=C(N)N)=NN,0.5901945137107598
CNC(N)=NC(=N)N(C)C=N,0.5897377181904225
C=NC(=NC(=N)N(C)C)NN,0.5894125266962713
CN(C=NN)C(=N)N=C(N)N,0.5883984675172982
C=CN(CO)C(=N)N=C(N)N,0.5882555480741374
CN(C=O)C(=N)N=C(N)NO,0.5873999629576457
CC(N)N(C)C(=N)N=C(N)N,0.5867346489365647
C=CN(C=C)C(=N)N=C(N)N,0.5827079325846631
CN=C(N=C(N)NO)N(C)C,0.5821078350604314
CN(C)C(=N)N=C(NO)NO,0.5811999490310862
CN(C=N)C(=N)N=C(N)N=O,0.5810187975523395
CN(C)C(=N)N=C(N)NNN,0.5793794866021015
CN=CN(C)C(=N)N=C(N)N,0.5735087694954105
C=CN(C)C(=N)N=C(N)N=N,0.5696925715386454
CN(CNO)C(=N)N=C(N)N,0.5553863288267976
C=NC(N)=NC(=NC)N(C)C,0.5538442143574771
CN(CN)C(=N)N=C(N)N=N,0.5514713655831563
CN(C=CN)C(=N)N=C(N)N,0.5510362553987986
CCN(C)C(=N)N=C(N)NN,0.5491448477595924
CN(C)C(N=C(N)N)=NCO,0.5471742819419976
CN(C)C(N=C(N)NN)=NO,0.5468899160544353
C=CN(C)C(N=C(N)N)=NC,0.5462954186210298
C=CCN(C)C(=N)N=C(N)N,0.5433802566026185
CN(C)C(=N)N=C(N)N(O)O,0.5431921003980787
CN(CO)C(N=C(N)N)=NN,0.5419818778853321
CN(C)C(=N)N=C(N=N)N=N,0.5418470223778757
CCCN(C)C(=N)N=C(N)N,0.5417597342913263
CN=C(N=C(N)N)N(C)C=N,0.5411430046490388
CN(C)C(=N)N=C(N)N=NO,0.5384222575586612
CN(C)C(=N)N=C(N)NN=O,0.5384222575586612
CN(C)C(=N)N=C(N)NOO,0.5366691626469584
CNC(N=N)=NC(=N)N(C)C,0.5361560333100029
CN(CO)C(=N)N=C(N)NO,0.5360086127788825
CNC(N)=NC(=N)N(C)CN,0.5340184687230963
CN(C=C=N)C(=N)N=C(N)N,0.5328257930705541
CN(C(=N)N=C(N)N)C(=O)O,0.5328222419054293
CN(C)C(N=C(N)NN)=NN,0.5312674643204851
C=CN(C=O)C(=N)N=C(N)N,0.529943234835441
CNN=C(N=C(N)N)N(C)C,0.5291131200094944
CN=C(N=C(N)N=O)N(C)C,0.5226633465219445
C=NC(N)=NC(=N)N(C)CO,0.5225543891666377
C=NC(=NC(=N)N(C)C)NC,0.5203079477286903
CN(C=O)C(=N)N=C(N)NN,0.5202714638420101
CC(=O)N(C)C(=N)N=C(N)N,0.5182247520521837
C=C=NC(N)=NC(=N)N(C)C,0.5175976958218022
CN(C)C(=N)N=C(N)N=C=O,0.5172160025608328
CN(C=O)C(N=C(N)N)=NN,0.5151171755239323
CN(C)C(=N)N=C(N)NC=N,0.514616438959115
CN(C)C(=N)N=C(N)N=CN,0.514616438959115
C=CN(C)C(=N)N=C(N)NN,0.5133790229706411
CNC(N)=NC(=N)N(C)C=O,0.5127915262685786
N=CN(CN)C(=N)N=C(N)N,0.5105859782506001
CN(C)C(=N)N=C(N)N=NN,0.5104984099196418
CN(C)C(=N)N=C(N)NN=N,0.5104984099196418
CN(C=NO)C(=N)N=C(N)N,0.5092321750927564
CN(C)C(N=C(N)N)=NOO,0.5089221960255764
C=NC(N=O)=NC(=N)N(C)C,0.5080351690593651
C=NC(N)=NC(=NO)N(C)C,0.5
C=CN(C)C(=N)N=C(N)N=O,0.5
CN(C)C(N=C(N)N)=NN=O,0.5
CN(C(=N)N=C(N)N)C(N)O,0.5
CN(C)C(N=C(N)N)=NC=N,0.5
CN(COO)C(=N)N=C(N)N,0.5
N=CN(CO)C(=N)N=C(N)N,0.491877870262546
CCNC(N)=NC(=N)N(C)C,0.4873167932717045
C=CN(C=N)C(=N)N=C(N)N,0.48650940672183984
C=NC(N=C)=NC(=N)N(C)C,0.48440437918270807
N=C(N=C(N)N)N(C=O)C=O,0.48298709553557906
CCN(CC)C(=N)N=C(N)N,0.4788845412460939
CC=CN(C)C(=N)N=C(N)N,0.47854708171295324
CN(C=N)C(N=C(N)N)=NN,0.4769528528944369
CN(CC=O)C(=N)N=C(N)N,0.47522063833384637
CN(C)C(=N)N=C(N=N)N=O,0.4717066726853595
CN(C)C(=N)N=C(N)NNO,0.46838541334413053
CN(C=O)C(=N)N=C(N)N=O,0.46713048493561565
CN(CO)C(=N)N=C(N)N=N,0.46505588753830596
CCN(C)C(=N)N=C(N)NC,0.4559416661574138
CN(C=CO)C(=N)N=C(N)N,0.4529622170104535
C=NC(N)=NC(=NN)N(C)C,0.4513022002244505
CCN(C)C(=N)N=C(N)N=N,0.4506771381528613
CN(C)C(=N)N=C(N)NCO,0.44344268824280014
CN(C)C(=N)N=C(N)N=C=N,0.44008844910845124
CN(C)C(N=C(N)N=N)=NN,0.4381223221810114
CN(C)C(N=C(N)N)=NNN,0.42809078808196166
N=C(N=C(N)N)N(CN)CO,0.4262679127339824
CN(C)C(=N)N=C(NN)NO,0.42462107796357734
CN(C(=N)N=C(N)N)C(N)=O,0.42431892940383065
CN(C(=N)O)C(=N)N=C(N)N,0.42431892940383065
CN(C)C(=N)N=C(N=O)NO,0.42286571052398253
CNC(=NC(=N)N(C)C)NO,0.4198358704926397
CN(C)C(=N)N=C(N)N(C)O,0.4180629278723062
CCN(CN)C(=N)N=C(N)N,0.41384572179131757
CN=C(N=C(N)N)N(C)CN,0.41378704844278325
CN(C)C(N=C(N)N)=NON,0.4124179859430532
CCN(C)C(N=C(N)N)=NO,0.41025476341841755
CNC(=NC(=N)N(C)C)NN,0.4098962229958413
CN(C(=N)N)C(=N)N=C(N)N,0.4081784515179903
CN(C)C(=N)N=C(N=O)NN,0.4066488475573172
CCN=C(N=C(N)N)N(C)C,0.405325050663199
CONC(N)=NC(=N)N(C)C,0.4034844816653379
CN(CC=N)C(=N)N=C(N)N,0.3983461140476413
CON=C(N=C(N)N)N(C)C,0.391804546115564
C=CN(C)C(=N)N=C(N)NC,0.39071574681559035
CN(C)C(=N)N=C(N=O)N=O,0.37986836745531827
CNC(=NC(=N)N(C)C)NC,0.379847179063126
CCN(C)C(N=C(N)N)=NC,0.37934162180198033
CN=C(N=C(N)N)N(C)CO,0.37814061343227545
C=NC(N)=NC(=N)N(C)CC,0.37271225839114697
CN(C)C(N=C(N)N)=NN=N,0.36469296272653057
CC=NC(N)=NC(=N)N(C)C,0.36375350984609556
CNC(N)=NC(=N)N(C)CO,0.36260216295162634
CCN(C)C(=N)N=C(N)NO,0.3574691182548933
C=CN(CN)C(=N)N=C(N)N,0.3557365199230952
CN(C)C(N=C(N)N)=NC=O,0.35444551225431786
C=CN(C)C(N=C(N)N)=NO,0.34703042530437134
N=CN(C=N)C(=N)N=C(N)N,0.34365474322420236
CN(C=O)C(N=C(N)N)=NO,0.3436347532927643
CN=C(N=C(N)NN)N(C)C,0.34319783825599165
CNC(N)=NC(=NO)N(C)C,0.33691139784968155
N=C(N=C(N)N)N(CO)CO,0.3368267320282133
N=C(N=C(N)N)N(CN)CN,0.3364627559796914
CN(C)C(=N)N=C(N)N=CO,0.3343963146598067
CN(C)C(=N)N=C(N)NC=O,0.3343963146598067
CN(CN)C(N=C(N)N)=NO,0.33218788556725243
CN(C)C(=N)N=C(NN)NN,0.31644634526519816
CCN(CO)C(=N)N=C(N)N,0.3142972714650833
CN=C(N=C(N)NC)N(C)C,0.31102106007391817
C=CN(C)C(=N)N=C(N)NO,0.3098856174695445
CN(C)C(=N)N=C(N)NON,0.30548421307341284
CN(CON)C(=N)N=C(N)N,0.3053554503353772
CN(C)C(N=C(N)NO)=NN,0.3052366018230833
CN(CO)C(N=C(N)N)=NO,0.30093565473215367
CN(C)C(N=C(N)N)=NNO,0.2946884660277814
CN=NC(N)=NC(=N)N(C)C,0.28357858958985904
N=CN(C=O)C(=N)N=C(N)N,0.2753287280923812
CN(C)C(N=C(N)NO)=NO,0.2748702552102893
CN(C)C(=N)N=C(N)N(N)O,0.27435172949719444
CN(C)C(N=C(N)N)=NCN,0.2688124404007447
CN(C)C(=N)N=C(N)N(C)C,0.23893010689925828
CNC(N)=NC(=NN)N(C)C,0.224724293988027
CN(C)C(=N)N=C(N)N(N)N,0.2204902789553254
CN(C)C(=N)N=C(N)N(C)N,0.21867376214039264
CN(C=N)C(N=C(N)N)=NO,0.20017112091114703
CN=C(N=C(N)N)N(C=O)CN,0.9026715350324498
CN(CCN)C(N=C(N)N)=NN,0.9003566869678195
N=C(N=C(N)N)N(C=O)CCN,0.8990209148180703
C=NNC(N=C)=NC(=N)N(C)C,0.883873626809808
C=NC(N)=NC(=NC)N(C)C=N,0.88375608750135
CN(CN)C(=N)N=C(N)NN=O,0.876904597245366
N=NCN(C=O)C(=N)N=C(N)N,0.8653383137660446
C=C(C)N(C)C(=N)N=C(N)N=O,0.8643917793302952
N=C(N=C(N)NN)N(C=O)CO,0.8592618122394146
C=CN=C(N=C(N)N=O)N(C)C,0.8490088611480534
NN=C(N=C(N)N)N(C=O)CO,0.845734311402164
CN(CN)C(=N)N=C(N)NNN,0.8436672569314868
CN(CN)C(=N)N=C(N)NN=N,0.8425518278619557
CN=C(N=C(N)N)N(C=O)CO,0.8422553771011538
NCN(C=O)C(N=C(N)N)=NN,0.841651281450754
CNC(N)=NC(=N)N(C)CCN,0.8390915373420492
CN=C(N=C(N)N=N)N(C)C=N,0.8324613618001756
C=C(C)N=C(N=C(N)N)N(C)C,0.8317256052126788
C=NC(N=N)=NC(=N)N(C)CN,0.8307989161250189
N=C(N=C(N)N)N(C=C=O)CO,0.8304738971853735
NCN(CN)C(N=C(N)N)=NN,0.826696117544879
C=NC(N)=NC(=N)N(C)C=C=O,0.8247421480319759
CN=C(N=C(N=O)NC)N(C)C,0.824178803146293
CN(C(=N)N=C(N)NN)C(N)N,0.821168628080013
CN(CCN)C(=N)N=C(N)NN,0.8211456528297494
C=NC(N)=NC(=NC)N(C)C=O,0.8191610973626847
N=C(N=C(N)NN)N(C=O)CN,0.818269704541559
CN(CNO)C(=N)N=C(N)NN,0.8180167262623507
CNNC(N)=NC(=N)N(C)CN,0.8173338499071373
C=NC(=NC(=N)N(C)C=O)NO,0.8145138032946068
C=CNC(N=O)=NC(=N)N(C)C,0.8122161028353666
C=NC(=NC(=N)N(C)C)N(C)O,0.809534548790177
C=NC(N=N)=NC(=N)N(C)C=O,0.8063639649263659
CN(C(=N)N=C(N)N)C(N)CN,0.8023532288422635
COCN(C=O)C(=N)N=C(N)N,0.8004276321796017
C=NCN(C)C(=N)N=C(N)NN,0.7999901684935201
CN(CNO)C(N=C(N)N)=NN,0.7960498490393613
N=C(N=C(N)N)N(C=O)CON,0.7955750912662416
C=NNC(N=O)=NC(=N)N(C)C,0.7908312232361945
C=NC(=NC(=N)N(C)C=N)NO,0.788387843548917
CN(C)C(=N)N=C(N=O)NCO,0.7872286248263312
CN(C=N)C(=N)N=C(N=O)NO,0.7869053167510527
C=NC(=NC(=N)N(C)CC)NO,0.7864990979158072
C=NC(=NC(=N)N(C)C=N)NC,0.7854640659504502
C=C(C)N(C)C(=N)N=C(N)NC,0.7844128318630106
CN=C(N=C(N)N)N(C)CCN,0.78390160450021
C=CN=C(N=C(N)NO)N(C)C,0.7765331498569082
N=C(N=C(N)N=O)N(C=O)CO,0.775660529475072
CN(C)C(=N)N=C(N=O)N(C)O,0.7748705153022118
CN(CNN)C(=N)N=C(N)NN,0.7728999829077936
C=NNC(N)=NC(=N)N(C)CN,0.7723056590895631
CN(CN)C(=N)N=C(N)NNO,0.7717453864437224
C=CN(C(=C)C)C(=N)N=C(N)N,0.7707149528407744
CNCN(C)C(=N)N=C(N)NN,0.7706496330111551
CN(C(N)=O)C(N=C(N)N)=NN,0.769979780245037
C=CN(C)C(=N)N=C(N=C)N=N,0.768787975869315
CN(CN=N)C(=N)N=C(N)NN,0.7683883199607249
C=NNC(N=N)=NC(=N)N(C)C,0.7669261276160709
C=NNC(N)=NC(=NC)N(C)C,0.7657321449090178
CNC(N)N(C)C(=N)N=C(N)N,0.765031751990356
CN(CC(N)N)C(=N)N=C(N)N,0.7649882085554598
CN(CN=O)C(=N)N=C(N)NN,0.7631555021663211
CN(C=N)C(=N)N=C(NO)NO,0.7614385323703908
CN=C(N=C(N)NN)N(C)C=O,0.7612719948239904
CNC(N)=NC(=N)N(C=O)CO,0.7584979016358899
C=C(C)N(C)C(=N)N=C(N)NN,0.756609814338757
N=C(N=C(N)NN)N(CN)CN,0.7557360862758675
C=CN=C(N=C(N)N=C)N(C)C,0.7526338654207827
C=NNC(N)=NC(=N)N(C)C=N,0.75256578089802
CCN(C=C=O)C(=N)N=C(N)N,0.7497977607603056
CN(O)C(N)=NC(=N)N(C)C=N,0.7493287186512709
CN(CNCO)C(=N)N=C(N)N,0.7464776964663068
N=C(N=C(N)N)N(C=C=O)CN,0.7456646290022064
C=CN=C(N=C(N)N)N(C)CN,0.7450728983920243
C=C=NNC(N)=NC(=N)N(C)C,0.74471685761271
CN=C(N=C(N)NO)N(C)C=O,0.7445845444679824
C=CN(C)C(N=C(N)N=O)=NO,0.7440894459042153
N=CN(CN)C(N=C(N)N)=NN,0.7411734282584973
CN(CN)C(N=C(N)N=O)=NN,0.7361760955319033
C=CNCN(C)C(=N)N=C(N)N,0.7348221906909291
C=C(O)N(C=O)C(=N)N=C(N)N,0.7338269497376758
CN=C(N=C(N)N=N)N(C)C=O,0.7328150585852106
C=C(C)N(C=O)C(=N)N=C(N)N,0.7322266987662908
CN(CN=N)C(N=C(N)N)=NN,0.73135099911059
CN(C=C=O)C(N=C(N)N)=NN,0.7310757059250682
C=C(CO)N(C)C(=N)N=C(N)N,0.729882671947336
N=C(N=C(N)N)N(C=O)COO,0.7269876113336913
C=NC(=NC(=N)N(C)C)NOO,0.7268460526846507
CN(C(=N)N=C(N)N)C(O)CN,0.7264992877900202
CN(CN=O)C(N=C(N)N)=NN,0.7250059134715319
CN(C=O)C(N=C(N)N)=NCO,0.7224663511001529
C=NC(N)=NC(=N)N(C)C(=C)C,0.7219807785062259
CN(C)C(=N)N=C(N)NN=C=O,0.7213261197252119
C=NC(=NC(=N)N(C)C)NOC,0.7207259994766859
N=C(N=C(N)N)N(C=O)C=C=O,0.7202308204506778
C=C(C)N(C)C(=N)N=C(N)NO,0.7195446585203569
C=NN=C(N=C(N)N)N(C)CN,0.7167358027002009
CN(C(N=C(N)N)=NN)C(O)O,0.7150402204229949
CN(CNN)C(N=C(N)N)=NN,0.7099288817388357
CN(CCN=O)C(=N)N=C(N)N,0.7094267493489986
C=CN=C(N=C(N)N=N)N(C)C,0.7063910754045382
CNC(N=O)=NC(=N)N(C)CN,0.7057608957008703
CCN(C=O)C(N=C(N)N)=NC,0.7029624440490988
CN=C(N=C(N)NO)N(C)C=N,0.7023210330892106
C=CN(CCN)C(=N)N=C(N)N,0.7011641230425987
N=CN(CCN)C(=N)N=C(N)N,0.7008141432406219
C=NCN(C)C(N=C(N)N)=NN,0.7007939578654497
CN(CN)C(=N)N=C(N=N)NN,0.7005198384060329
C=CN(CC)C(=N)N=C(N)N=O,0.6997001342185917
CNN=C(N=C(N)N)N(C)CN,0.6964999940547802
CN(C(=N)N=C(N)N)C(=O)CN,0.695948394801695
CC(=O)N(CO)C(=N)N=C(N)N,0.6939922501336964
CN=C(N=C(N=N)NC)N(C)C,0.693003217538595
C=NC(N)=NC(=N)N(C)C(=N)O,0.6924526114702025
C=CN(C)C(N=C(N)N=N)=NC,0.6905765968061549
C=NC(=NC(=N)N(C)CN)NN,0.6905459202818139
CCNCN(C)C(=N)N=C(N)N,0.6892086163028107
CCN(C)C(=N)N=C(N=O)NC,0.6889760086306037
CC(=N)N(C)C(=N)N=C(N)NO,0.686643228870675
CNCN(C=O)C(=N)N=C(N)N,0.6861944092575689
CC=NC(=NC(=N)N(C)C)NO,0.6860804108292373
CN(C=N)C(=N)N=C(N)N(O)O,0.6842799856503661
CNCN(C=N)C(=N)N=C(N)N,0.6832562550662092
CNCN(C)C(=N)N=C(N)NO,0.6825997144496609
CN=C(N=C(N)NC)N(C)C=O,0.6823387618108416
C=CN(CC)C(N=C(N)N)=NN,0.6812290994855205
C=CN(C)C(=N)N=C(N=O)NC,0.6807328542454464
C=CN=C(N=C(N)NC)N(C)C,0.6802910933875941
CCN(C=C=N)C(=N)N=C(N)N,0.678075794455096
C=CN=C(N=C(N)N)N(C)C=O,0.677554584942488
C=NC(N=C)=NC(=N)N(C)C=N,0.6769813448475477
NC(N)=NC(=NO)N(C=O)CO,0.6759806942653033
CN(C(=N)N=C(N)N)C(O)OO,0.6759630039637754
C=NC(N=N)=NC(=N)N(C)C=N,0.6746778909386784
C=NNC(N)=NC(=N)N(C)CO,0.6744041111861718
CN(C=N)C(=N)N=C(N=N)NO,0.6730501901159215
C=NNC(=NC(=N)N(C)C)NC,0.6729642058763833
CN(CCN)C(=N)N=C(N)N=O,0.6722942336231001
CN(CCN)C(=N)N=C(N)N=N,0.6709782210938584
CCN(CN)C(=N)N=C(N)NN,0.6698956138102212
CNC(N=O)=NC(=N)N(C)C=N,0.6689489641619633
C=NC(N)=NC(=N)N(C)CCN,0.6677968024169892
N=C(N=C(N)N)N(CN)C(O)O,0.6674521103079271
C=C(C)N(C=N)C(=N)N=C(N)N,0.6669114025755084
CCN(C)C(N=C(N)N=O)=NO,0.6668675614062126
C=NC(=NC(=N)N(C)C)N(O)O,0.6662019599330358
CN=C(N=C(N)NN)N(C)CN,0.6658789562416471
CC=NC(N=N)=NC(=N)N(C)C,0.6640549150946554
C=NC(N)=NC(=N)N(C)C=NC,0.6630147101839909
CN(CN)C(N=C(N)N=N)=NN,0.662641436861808
C=CN(C(C)=N)C(=N)N=C(N)N,0.6624074994306441
C=CN(C(=N)N=C(N)N)C(C)=O,0.6620051045277051
CN(CC(=N)N)C(=N)N=C(N)N,0.6617733708699974
N=C(N=C(N)NO)N(C=O)CO,0.6607953609281061
C=NC(=NC(=N)N(C)C=N)NN,0.6589989724979713
C=NNC(N)=NC(=N)N(C)C=O,0.6588914398728949
CN(CN=NN)C(=N)N=C(N)N,0.658020353160961
C=NC(N)=NC(=N)N(C)C=NO,0.6571482519167295
CN(CN)C(N=C(N)N=O)=NO,0.6557313810432499
C=NNC(=NC(=N)N(C)C)NN,0.6543738106807102
CN(CN)C(=N)N=C(NN)NN,0.6541832688636151
C=NC(N=NN)=NC(=N)N(C)C,0.653239421523697
CNC(=N)N(C)C(=N)N=C(N)N,0.6528517186178489
CNC(=NC(=N)N(C)C=N)NO,0.6521876058728723
C=CN=C(N=C(N)NN)N(C)C,0.6513464421882555
C=NC(N=NO)=NC(=N)N(C)C,0.6511674405981953
CNCN(C)C(=N)N=C(N)N=O,0.6503232457878783
CN=CN(C)C(=N)N=C(N)NO,0.6500271553108445
CCN(CN)C(N=C(N)N)=NN,0.6499931978047184
CNC(N)=NC(=N)N(C)C=C=O,0.6491600754647019
CN(C)C(=N)N=C(N=N)N=C=N,0.6488562112793388
C=CN(C=O)C(N=C(N)N)=NC,0.6484411874795353
C=C(C=O)N(C)C(=N)N=C(N)N,0.6480430798888497
C=NC(=NC(=N)N(C)CN)NO,0.6477699445435919
CN(C=N)C(=N)N=C(N)N=CN,0.6475797737444536
C=CC(=C)N(C)C(=N)N=C(N)N,0.6465559553549863
CC=CN(CC)C(=N)N=C(N)N,0.6462193306469859
CNC(=NC(=N)N(C)CN)NN,0.6461792239837828
C=CN(C)C(=N)N=C(N)NN=C,0.6461681370951443
C=NC(N=N)=NC(=N)N(C)CO,0.6454038107519733
CCN(C=N)C(=N)N=C(N)NO,0.6451661120285594
C=C=CN(CC)C(=N)N=C(N)N,0.6447620806476252
CCN(C=CN)C(=N)N=C(N)N,0.6435796690966936
CN(C)C(=N)N=C(N=O)N(C)C,0.642622186579463
C=C(C)N(C)C(N=C(N)N)=NN,0.6421662622904917
C=C(C)N(C)C(=N)N=C(N)N=N,0.6381929829038421
CN(C)C(N=C(N)N=O)=NON,0.6367194484840194
CNC(N=O)=NC(=NO)N(C)C,0.6365172329065886
CNCN(C)C(N=C(N)N)=NN,0.6344192640244003
C=CN(CC)C(=N)N=C(N)NC,0.6342147189156553
N=C(N=C(N)NN)N(CN)CO,0.633547835150388
CNC(N=O)=NC(=N)N(C)C=O,0.6334206408965174
CN(CCN)C(=N)N=C(N)NO,0.6322604898814946
C=NC(=NC(=NC)N(C)C)NO,0.6308602648389459
CC(N=N)N(C)C(=N)N=C(N)N,0.6287082150144407
C=NC(=NC(=NO)N(C)C)NO,0.6282428697657294
CN(C=C=O)C(=N)N=C(N)N=O,0.628075737171261
CN(CC(N)O)C(=N)N=C(N)N,0.6279943065236836
C=C(NC)N(C)C(=N)N=C(N)N,0.6275887581601048
C=CN(CN)C(N=C(N)N)=NN,0.6268745631277439
CN(C)C(=N)N=C(N=C=N)NO,0.6212971070404362
CN(CNC=N)C(=N)N=C(N)N,0.6208948453404922
CN(C)C(N=C(N=O)N=O)=NO,0.6194640163843435
CNC(N=O)=NC(=N)N(C)CO,0.6192201603044378
CN(CN)C(N=C(N)NN)=NN,0.6178418775705852
CN(C=NN)C(=N)N=C(N)NO,0.6166724715137706
C=CN(CC)C(N=C(N)N)=NC,0.6162107782406133
CN(CN=N)C(=N)N=C(N)N=N,0.6138066630293846
CN(C=N)C(=N)N=C(NN)NO,0.613766994545174
CN(CCNN)C(=N)N=C(N)N,0.6103658389415426
CC(CN)N(C)C(=N)N=C(N)N,0.6085470673610737
CN(C(N=C(N)N)=NO)C(O)O,0.6079317445215802
CN(C)C(N=C(N)N)=NC=C=O,0.6058986257323798
C=NC(N=O)=NC(=NO)N(C)C,0.6045979020033059
C=CN=C(N=C(N)N)N(C)C=C,0.6010032726379142
CC(=CO)N(C)C(=N)N=C(N)N,0.6006950761872183
CC=NNC(N)=NC(=N)N(C)C,0.5990956375675496
C=CN=C(N=C(N)N)N(C)CC,0.5966855809782213
C=NC(N=O)=NC(=N)N(C)C=N,0.5961542357704519
C=C(N)CN(C)C(=N)N=C(N)N,0.5956971694222837
C=CN(CC)C(=N)N=C(N)NN,0.5940908113896278
CC(=CN)N(C)C(=N)N=C(N)N,0.5931497091859169
C=CN(CC=O)C(=N)N=C(N)N,0.5917961385469923
CN(CN)C(N=C(N)N)=NNN,0.5903804475928321
C=C(C=N)N(C)C(=N)N=C(N)N,0.5903750779240294
C=CN=C(N=C(N)N)N(C)CO,0.5889736876993948
C=C(C)N(CN)C(=N)N=C(N)N,0.588880545223841
N=C(N=C(N)N)N(C=O)C(N)O,0.5874625102791806
C=CN(CC)C(=N)N=C(N)N=N,0.5870788439379468
C=C(CN)N(C)C(=N)N=C(N)N,0.58693739976211
CN=C(N=C(N)N)N(C)C=C=O,0.5863138752732725
CN(C)C(N=C(N=O)NO)=NO,0.5854063503941701
CN(C(=N)N=C(N)N)C(O)N=N,0.5848755435802703
C=NNC(N)=NC(=N)N(C)CC,0.5833669204734371
CN=C(N=C(N=N)NO)N(C)C,0.5830517734867511
CN(CNC=O)C(=N)N=C(N)N,0.5827651361531502
C=CN(C(=N)N=C(N)N)C(C)C,0.582576979894491
CN(CNCN)C(=N)N=C(N)N,0.5820783049007751
CN=C(N=C(N)N=N)N(C)CO,0.581595591908725
CCN(C(=N)N=C(N)N)C(O)O,0.5809771047856944
C=NNC(=NC(=N)N(C)C)NO,0.5793238851001002
CN(C=N)C(=N)N=C(N)N=C=N,0.5792961918522377
CN=C(N=C(N)N)N(C)CNC,0.577801708079005
CN(O)CN(C)C(=N)N=C(N)N,0.5770677067130544
C=NC(N)=NC(=NN)N(C)CN,0.5770130641579847
CC(O)N(C=O)C(=N)N=C(N)N,0.5769013531031825
CN(C=C=O)C(=N)N=C(N)N=N,0.5767833382125344
C=C(N)N(C)C(=N)N=C(N)NN,0.5764325724347865
C=NN(C)C(N)=NC(=N)N(C)C,0.5740348120418559
CN(C=C=O)C(=N)N=C(N)NO,0.5728053936428009
CN(CN)C(N=C(N)N)=NN=O,0.5674771186292862
CN(CCN)C(N=C(N)N)=NO,0.566540501718013
N=C(N=C(N)N)N(CN)CCN,0.5642312064489488
CON=C(N=C(N)N=O)N(C)C,0.5636706155504354
C=C=NC(=NC(=N)N(C)C)NO,0.563279236008999
CN(CN=N)C(=N)N=C(N)N=O,0.5623842035047449
CN(C(=N)CN)C(=N)N=C(N)N,0.5618041884131251
C=NC(=NC(=N)N(C)CO)NO,0.5617673010047678
CC=NC(N)=NC(=N)N(C)C=N,0.561437545328489
CN=C(N=C(N)N=N)N(C)CN,0.5596474354221193
C=NC(N)=NC(=N)N(C)CN=N,0.5593821137736295
N=C(N=C(N)N)N(C=O)C(O)O,0.5579765478394425
CN(C(=N)N=C(N)N=O)C(O)O,0.5549307350566752
C=CN(C)C(=N)N=C(N=C)NO,0.554812841351718
C=NC(N)=NC(=N)N(C)C(O)O,0.5529864819313728
CNC(N)=NC(=N)N(C)CN=N,0.5514525771006641
C=C(C)N(CC)C(=N)N=C(N)N,0.5511679179290389
C=NCCN(C)C(=N)N=C(N)N,0.5510705967742293
CN(CN=NO)C(=N)N=C(N)N,0.549665996705869
N=NC(N)=NC(=N)N(C=O)CO,0.5483877580327252
CN(C(N=C(N)N)=NN)C(N)N,0.5476837462687185
CNCCN(C)C(=N)N=C(N)N,0.5469321270875557
C=NN(N)C(N)=NC(=N)N(C)C,0.5466552784929494
CN(C=O)C(N=C(N)N=O)=NO,0.5456691248314779
CN(C)C(=N)N=C(N=O)N(C)N,0.544817171929012
CN(C)C(N=C(N)N=O)=NOO,0.5446402595578841
CN(CN=N)C(=N)N=C(N)NO,0.5435058646746029
C=CN(CCO)C(=N)N=C(N)N,0.5405190984810465
CN(CN)C(=N)N=C(NN)NO,0.5401235496057508
CN(C(=N)N=C(N)NN)C(O)O,0.5381932544578151
C=NC(N=NC)=NC(=N)N(C)C,0.5367792826114365
CN(C=N)C(=N)N=C(N)NOO,0.5359370866478286
CN(C)C(N=C(N)N)=NC=C=N,0.5359214332238313
CN(C=C=O)C(=N)N=C(N)NN,0.5349358257695116
C=NC(N)=NC(=N)N(C)C(C)=N,0.5338518575280452
C=NC(N)=NC(=N)N(C=O)CO,0.5327639410605242
CCN(C=CO)C(=N)N=C(N)N,0.532105998527706
CNC(=O)N(C)C(=N)N=C(N)N,0.5313115957996773
CC(=C=O)N(C)C(=N)N=C(N)N,0.5307757058206567
CCNC(N=O)=NC(=N)N(C)C,0.5286072971096978
N=CN(C=C=O)C(=N)N=C(N)N,0.5236833627193388
CN(C)C(N=C(N)N=N)=NC=N,0.5229726194935588
CN(C=N)C(N=C(N)N=O)=NO,0.5226168543741172
C=CN(C=C=O)C(=N)N=C(N)N,0.5221755724873025
CN=C(N=C(N)N=NN)N(C)C,0.5215043596168647
CN(C=N)C(=N)N=C(N)N=C=O,0.5206345703144372
CCN(C)C(N=C(N)N=N)=NC,0.5203403033974927
CN(CCNO)C(=N)N=C(N)N,0.5199558359354742
CN=C(N=C(N=N)NN)N(C)C,0.5187447306955805
C=NC(N=N)=NC(=NO)N(C)C,0.5185962933049738
CN(C)C(=N)N=C(N=C=O)NO,0.5168294624171368
CN=C(N=C(N)N)N(C)C(C)=O,0.5166859495433354
C=C(N)N(C)C(N=C(N)N)=NN,0.5162115710706126
C=C=NC(N)=NC(=N)N(C)C=N,0.5143100475544614
CN(CN)C(=N)N=C(N=O)NN,0.5139086968268044
C=NC(N)=NC(=N)N(C)CNC,0.5138216453376169
CN(C(=N)N=C(N)NN)C(N)=O,0.5117290484097018
C=CN(CC)C(=N)N=C(N)NO,0.5116389144701976
C=CN(CNC)C(=N)N=C(N)N,0.5112382510086239
C=CN(CC)C(=N)N=C(N)N=C,0.5099952544107441
C=NC(N=N)=NC(=NC)N(C)C,0.5096546186559328
C=NNC(N)=NC(=NO)N(C)C,0.50922353286771
CN(CC(N)=O)C(=N)N=C(N)N,0.5
CN(C)C(N=C(N=O)NN)=NO,0.5
CN(CCN=N)C(=N)N=C(N)N,0.5
CC=CN=C(N=C(N)N)N(C)C,0.5
C=C(C)N(CO)C(=N)N=C(N)N,0.5
CN(C=N)C(=N)N=C(N)N(N)O,0.4948963017087499
C=CN=C(N=C(N)N)N(C)C=N,0.49422854798320665
C=NC(N)=NC(=N)N(C)C=NN,0.49397126483961507
CN=C(N=C(N)N=O)N(C)C=O,0.4925391024978339
CN=NCN(C)C(=N)N=C(N)N,0.4907222913132267
CN(C(=N)N=C(N)N)C(N)(O)O,0.4905234265922038
CN(C)C(=N)N=C(N=CO)NO,0.4898658964300573
N=C(N=C(N)N)N(CO)CCN,0.48897791372033617
CN(C)C(=N)N=C(N)NN=C=N,0.48834029611393087
C=NC(N=N)=NC(=N)N(C)CC,0.4872664346285625
CN(C(=N)N=N)C(=N)N=C(N)N,0.48559741091462316
C=NC(=NC(=N)N(C)C)N(N)O,0.4851995431224799
C=CN(CN)C(=N)N=C(N)NN,0.48438155626533846
CN(C)C(N=C(N)N=N)=NC=O,0.48386740989826876
CN=C(N=C(N=N)N=N)N(C)C,0.4834495043822456
CC(N)CN(C)C(=N)N=C(N)N,0.4822809378076674
N=C(N=C(N)N)N(C=O)C(=O)O,0.4811236857497148
CN(CO)C(N=C(N)N=O)=NO,0.4808425742182717
CCN=C(N=C(N)N)N(C)C=O,0.4807839911377345
CN(C)CN(C)C(=N)N=C(N)N,0.47783320900511883
CN(C)C(=N)N=C(N)NN=CO,0.47739001010128806
CN=C(N=C(N)N)N(C)C(O)O,0.47444952931303314
C=NC(=NC(=NN)N(C)C)NO,0.47364543557869
CN(C=C=O)C(N=C(N)N)=NO,0.4730297121912846
C=C(C)N(C)C(N=C(N)N)=NO,0.4718525589573055
CN(C=NO)C(=N)N=C(N)NO,0.46798009118558215
CC(N)N(C)C(=N)N=C(N)NN,0.46696409987692283
CN(C=O)C(N=C(N)N)=NCN,0.4667660219348118
CN(C(=N)N=C(N)N)C(O)=C=O,0.46183053276407177
CNC(N)=NC(=NN)N(C)CN,0.4618246708374198
CN(C(=N)N)C(N=C(N)N)=NN,0.46062602525832824
CNCN(C)C(=N)N=C(N)N=N,0.45973888946617025
C=C(N)N=C(N=C(N)N)N(C)C,0.4549625721736224
CNC(O)N(C)C(=N)N=C(N)N,0.45412748528055324
N=CN(CN=N)C(=N)N=C(N)N,0.4540759824417107
C=CN(C=N)C(=N)N=C(N)NO,0.45401103767185363
C=NNC(N)=NC(=NN)N(C)C,0.45143707288173396
CN(C)C(=N)N=C(N=O)NCN,0.45130833018604405
CN(C=O)C(N=C(N)N)=NC=N,0.451305873824656
C=NC(N)=NC(=N)N(C)C(=N)N,0.4479826604552472
C=NC(N)=NC(=N)N(C=N)C=N,0.44795109046735665
N=CN(CN)C(=N)N=C(N)NN,0.44536330815488945
CN=C(N=C(N)N)N(C=O)C=O,0.4415583859867903
CN(C(=N)N)C(=N)N=C(N)NN,0.43928166010007025
CNCN(C)C(=N)N=C(N)NC,0.4387151852366625
CONC(N)=NC(=N)N(C)C=N,0.4360751843777388
CN(C(=N)N=C(N)N)C(O)ON,0.4346957865869225
N=NCN(CO)C(=N)N=C(N)N,0.43374661035555395
CN(C(=N)N=C(N)NN)C(N)O,0.4302995485162564
CC=C(C)N(C)C(=N)N=C(N)N,0.4293953091133376
CN(C=N)C(N=C(N)NO)=NN,0.4268771127696969
CNCN(CN)C(=N)N=C(N)N,0.42393895993012737
CN(CN)C(N=C(N)N)=NN=N,0.42364532579380687
C=CN(CC)C(N=C(N)N)=NO,0.4232265136684835
CN=C(N=C(N=N)N=O)N(C)C,0.41964336447210937
C=NC(N)=NC(=N)N(C=N)C=O,0.4192600766703519
CN(C(=N)N=C(N)N)C(=O)N=N,0.41893621657780783
CNC(C)N(C)C(=N)N=C(N)N,0.41863019501254856
CN(C=N)C(=N)N=C(N)NON,0.4182817105496482
C=C(O)N=C(N=C(N)N)N(C)C,0.41808205702046647
C=C=CN=C(N=C(N)N)N(C)C,0.41338921955609276
C=CN(CN=N)C(=N)N=C(N)N,0.4127605082889477
C=CN(C=N)C(=N)N=C(N)N=C,0.4120654676672591
CN(C)C(=N)N=C(N=N)N=CO,0.41004742014572104
CN=C(N=C(N)N)N(C)C(N)=O,0.4054712523143959
CN(C)C(=N)N=C(N=CN)NO,0.400960118030502
COC(O)N(C)C(=N)N=C(N)N,0.4000573757397518
CN(CN)C(=N)N=C(N)N(N)O,0.3955303954795586
C=C(CC)N(C)C(=N)N=C(N)N,0.39030343271973883
CN(C=N)C(N=C(N)NO)=NO,0.38985498594331053
CNC(N=O)=NC(=NN)N(C)C,0.38905143746225734
C=NC(N)=NC(=N)N(C=N)CC,0.38865921813835547
CC(=C=N)N(C)C(=N)N=C(N)N,0.38820334537987405
N=CN(C=O)C(=N)N=C(N)NO,0.38805032407233997
CN=C(N=C(N)N)N(C)CN=N,0.38721382260363046
CN(C=O)C(N=C(N)N)=NC=O,0.38655142563544104
CCN(CCN)C(=N)N=C(N)N,0.3846207999747688
C=NC(N)=NC(=N)N(C=N)CN,0.38447502614711965
CN(CN=N)C(N=C(N)N)=NO,0.38122506157571884
CCN(CNC)C(=N)N=C(N)N,0.37905706080399276
CN=NC(N)=NC(=NC)N(C)C,0.3790272320413592
CN(C)C(N=C(N)N)=NC=CO,0.37581865418900073
N=CN(CO)C(=N)N=C(N)NO,0.37393613815033866
CN(C=N)C(=N)N=C(N)N=CO,0.37337792670753944
CN(C(=N)N=C(N)N)C(C)(O)O,0.37194049674964025
CN(C(=N)N=C(N)N)C(N)N=N,0.37182577493845437
CN=C(N=C(N)N=NO)N(C)C,0.37139905439966775
CN(C(N=C(N)N)=NN)C(N)O,0.36895498395759957
C=CN(CCC)C(=N)N=C(N)N,0.3684994936767057
N=C(O)N(C=O)C(=N)N=C(N)N,0.3681328683842459
CN(C(=N)N=C(N)N)C(O)(O)O,0.3678973381241129
CN(C)C(=N)N=C(N=O)NC=O,0.36572293057553745
CN(C)C(=N)N=C(N=N)N=CN,0.36496807533305775
C=C(C)N(C)C(N=C(N)N)=NC,0.36269819101277084
CN(C(=N)O)C(=N)N=C(N)NO,0.3615162086977704
C=C(O)N(CC)C(=N)N=C(N)N,0.3615057537734537
C=CCN(C=C)C(=N)N=C(N)N,0.3585060738665296
C=NN(O)C(N)=NC(=N)N(C)C,0.35849705592048053
N=C(N=C(N)N)N(CO)C(=O)O,0.35849690393262956
CN(CN)C(N=C(N)N)=NNO,0.3573713595526103
C=NC(=NC(=N)N(C)C)NON,0.3572375140074039
C=CN(CC=N)C(=N)N=C(N)N,0.3567192811308584
CN=C(N=C(N)N)N(C)C(=O)O,0.35558945147068427
CN(C)C(N=C(N)N)=NC=CN,0.3555047371459227
C=C=NC(N=N)=NC(=N)N(C)C,0.3538636751132411
C=NC(N)=NC(=NN)N(C)C=N,0.35284061341492867
CN(C)C(N=C(N=N)N=O)=NO,0.3520607947708337
CNCN(CO)C(=N)N=C(N)N,0.3514423785499785
C=C(N)N(CC)C(=N)N=C(N)N,0.35133128260866187
N=CN(CN)C(=N)N=C(N)NO,0.3487080465787749
N=C(N=C(N)N)N(CO)C(O)O,0.33913276139927206
CN(CN)C(N=C(N)NO)=NN,0.3364381087141148
CN(C)C(=N)N=C(N)NN=CN,0.3328921163808192
N=NCN(CN)C(=N)N=C(N)N,0.33208471806857137
CN(C(=N)N)C(=N)N=C(N)NO,0.3314505371787437
N=C(N=C(N)N)N(CO)C(N)=O,0.32981237049359957
CN(N)CN(C)C(=N)N=C(N)N,0.32748335787963717
CN(C)C(=N)N=C(N=O)NC=N,0.31835838728003707
NCN(CO)C(N=C(N)N)=NN,0.3178327322099646
N=CN(C=N)C(=N)N=C(N)NO,0.31489911447384505
CCN(CN=N)C(=N)N=C(N)N,0.31395564651721936
N=CN(C(=N)N=C(N)N)C(O)O,0.3110169197349423
C=NC(N)=NC(=NO)N(C)C=N,0.30996185859870334
CN(C(=N)N=C(N)NO)C(O)O,0.30749124395708466
CN(C(=N)N=C(N)N)C(N)=C=O,0.30693098373552596
CN(CN)C(N=C(N)NN)=NO,0.30219203811378315
CN(C(=N)N=C(N)N=N)C(O)O,0.3021752534508156
CN=C(N=C(N)N)N(C=N)C=O,0.29900816522745516
CNC(N)=NC(=N)N(C)C(O)O,0.29406188543292766
CC(N)N(C)C(N=C(N)N)=NN,0.2922214784312658
CN(C)C(N=C(N)N=N)=NCO,0.28321645886658203
C=CN(C(=N)N=C(N)N)C(C)N,0.27874772189660135
C=C(N=N)N(C)C(=N)N=C(N)N,0.2763679631815067
CN(C)C(N=C(N)N=N)=NCN,0.2757491808089159
CNCN(C)C(N=C(N)N)=NO,0.2713475784516453
CN(N)C(N)=NC(=N)N(C)CN,0.2686249122118316
C=C=C(C)N(C)C(=N)N=C(N)N,0.2589933576972439
C=NC(N)=NC(=N)N(C=N)CO,0.24329523372659953
C=CN(C(=N)N=C(N)N)C(O)O,0.24027041929034837
CN(C)C(=N)N=C(N=N)N=C=O,0.22607352257030122
CCN=C(N=C(N)N=N)N(C)C,0.22018228793560476
C=CN(C(=N)N=C(N)N)C(C)O,0.2023105083502164
CN(CN)C(=N)N=C(N)N(N)N,0.14556956853142256
C=NC(N=N)=NC(=NN)N(C)C,0.13029425496474212
NCN(C=O)C(N=C(N)N)=NCO,0.9467199132629297
CN=C(N=C(N=O)NC)N(C)CO,0.9243375127377175
CNC(N)=NC(=N)N(C=O)CN=N,0.9209344220296024
NCCN(C=O)C(N=C(N)N)=NN,0.9199761814778449
CN=C(N=C(N=O)NC)N(C)CN,0.9157528364638736
C=NC(=NC(=N)N(C)CC=N)NO,0.9108089774266424
C=NC(N)=NC(=NC)N(C=O)CN,0.9099302419550894
CCN=C(N=C(N)N)N(C=O)CN,0.8914487030066328
CN(CCN)C(N=C(N)N)=NNN,0.890280207687601
C=CN=C(N=C(N)N)N(C=O)CN,0.8861995786035701
C=CNC(N=O)=NC(=NC)N(C)C,0.8835552632215996
C=NC(=NC(=N)N(C=O)CC)NO,0.8813989962358658
C=NC(=NC(=N)N(C)C)NN=C=O,0.8764956622758936
C=NNC(N=C)=NC(=N)N(C)C=O,0.8750940860008095
C=CN=C(N=C(N=O)NO)N(C)C,0.8706920601266129
C=CN(C(=C)C)C(=N)N=C(N)N=O,0.8665594162644827
C=NNC(N=C)=NC(=NO)N(C)C,0.8643079222490686
CN=C(N=C(N)NC)N(C=O)CN,0.8639308740289663
C=NC(N=N)=NC(=N)N(C=O)C=O,0.8637971010508766
C=CN=C(N=C(N=O)NC)N(C)C,0.861932281431609
CN=C(N=C(N)N)N(C=O)CN=N,0.8614783457475432
N=C(N=C(N)NN=O)N(C=O)CN,0.861071575151556
CN=C(N=C(N)N)N(C=O)CN=O,0.859666260860939
C=CN=C(N=C(N)N=O)N(C)CO,0.858591542460723
C=CN=C(N=C(N)N=O)N(C)CC,0.8569587263344854
C=NC(=NC(=N)N(C)CCN)NC,0.8563740412231984
C=CN=C(N=C(N)N=O)N(C)C=N,0.8561479169971785
C=NCN(C=O)C(N=C(N)N)=NC,0.8537333481683234
N=C(N=C(N)NN=O)N(CN)CN,0.8510981761087614
CN=C(N=C(N)N)N(C=O)CNN,0.8497932976945508
CN=C(N=C(N)NO)N(C=O)CN,0.8437612447050727
CN(C(=N)N=C(N)NN=O)C(N)N,0.843469576551685
C=NC(N=N)=NC(=N)N(C=O)CO,0.8433592905989145
C=NC(N=NO)=NC(=N)N(C)C=O,0.8425234713029952
N=C(N=C(N)N)N(C=O)CN=NO,0.8395612224464875
C=C(C)N=C(N=C(N)N=O)N(C)C,0.8394843279433621
N=NCN(C=O)C(=N)N=C(N)NN,0.8381143614077038
CNC(N)=NC(=N)N(C=O)CCN,0.8374923331826019
N=C(N=C(N)N=O)N(C=C=O)CO,0.8368352632885334
C=CN=C(N=C(N=O)N=O)N(C)C,0.8364393661531876
C=NNC(N=CC)=NC(=N)N(C)C,0.8362779415397127
CN=C(N=C(N)N=N)N(C=O)CN,0.8336865125572464
C=NC(=NC(=N)N(CC)CC)NO,0.8333412174594416
CCN(C)C(N=C(N=O)NC)=NC,0.8326075378977856
C=NC(=NC(=N)N(C)CN)NN=O,0.8317442624481939
C=NC(=NC(=N)N(C)C)NN=CN,0.8316826092607111
CN=C(N=C(N)NN)N(C=O)CO,0.828094594859355
CC(=O)N(CO)C(=N)N=C(N)NN,0.8275034527316736
C=C(CO)N(C)C(=N)N=C(N)N=O,0.8268385234774359
C=CNC(N=O)=NC(=N)N(C)CO,0.826004106825813
C=NC(N=N)=NC(=N)N(C=N)C=O,0.8257772210937036
CN=C(N=C(N)N)N(C=O)C(C)N,0.8255235186902702
C=C=CN=C(N=C(N)N=O)N(C)C,0.8243057059936879
CN=C(N=C(N)NN=O)N(C)CN,0.82424356203449
C=NC(N=N)=NC(=N)N(C)C(=O)O,0.8230514377959357
CN=C(N=C(N)N)N(C=O)CNC,0.8230421445245036
C=NC(N=NN)=NC(=N)N(C)C=O,0.8229808167579666
NCN=C(N=C(N)N)N(C=O)CN,0.822257364412113
N=NCN(C=O)C(=N)N=C(N)NO,0.822133798451758
C=NC(N)=NC(=NC)N(C)C=NO,0.8208004142565316
C=NC(N)=NC(=NC)N(C)C(C)=N,0.8202142720403787
CN(CCNO)C(N=C(N)N)=NN,0.8194546317829964
C=NC(=NC(=N)N(C)C(C)=N)NO,0.8193322813168142
C=NC(=NC(=N)N(C)CO)N(C)O,0.8182311886834447
CN=C(N=C(N)NN)N(C=O)CN,0.8173269774437272
CN=NCN(C=O)C(=N)N=C(N)N,0.8168407588187869
C=CN(C)C(N=C(N=O)NC)=NC,0.8167920881530583
C=C(C)N=C(N=C(N)N)N(C)C=O,0.8159192244142262
C=CN=C(N=C(N)N=O)N(C)CN,0.8153297656854983
CNC(N=O)=NC(=N)N(C)CCN,0.8129504886443281
CN(CN)C(=N)N=C(N=N)NN=O,0.8128168489889631
CC=NC(=NC(=N)N(C)CC)NO,0.8115359935420424
CN=C(N=C(N=O)NC)N(C)C=O,0.8114974901472709
C=NNC(N=C)=NC(=NC)N(C)C,0.8084612376391834
CN=C(N=C(N)N)N(C=O)C(=N)N,0.8082426220420074
C=CNC(N=O)=NC(=N)N(C)CC,0.8077415909349995
C=CN=C(N=C(N=C)N=O)N(C)C,0.8070416668006042
N=NCN(C=O)C(N=C(N)N)=NN,0.8063419810882796
N=C(N=C(N)NN=O)N(C=O)CO,0.8063282454274266
CN=C(N=C(N=O)N(C)O)N(C)C,0.8055991921173523
C=C(C=N)N(C)C(=N)N=C(N)N=O,0.805496297616251
C=CNC(N=O)=NC(=N)N(C)C=O,0.8050543074340825
C=NNC(N=C)=NC(=N)N(C)C=N,0.804039318495174
C=NC(N=N)=NC(=N)N(C=O)CN,0.8033460262767471
CNC(N)=NC(=N)N(C=N)CCN,0.8019323087157677
CN(CN)C(N=C(N)NN=O)=NN,0.8016665840987104
CNC(=NC(=N)N(C)CN)NN=O,0.8015336229468863
C=C(C)N(C=N)C(=N)N=C(N)N=O,0.8013202870429206
C=NC(N)=NC(=N)N(C)C(N)CN,0.7981686596909717
C=C(CN)N(C)C(=N)N=C(N)N=O,0.7975142349424468
N=C(N=C(N)N)N(C=C=O)C(O)O,0.7967692905929769
CNCCN(C)C(N=C(N)N)=NN,0.7966189065843142
N=C(N=C(N)NNN)N(C=O)CO,0.7947242111162571
C=CN(C=O)C(=N)N=C(N=C)N=N,0.7927755917175772
C=NC(=NC(=NC)N(C)C=N)NN,0.7925245566331915
C=C(O)N(C=C=O)C(=N)N=C(N)N,0.7915919760173679
C=C(C)N=C(N=C(N)N)N(C)CN,0.7901298683393487
C=CNC(N=O)=NC(=N)N(C)CN,0.7892160191466521
C=C(C)N=C(N=C(N)N)N(C)CO,0.7871924946925706
C=NC(=NC(=NC)N(C)C)N(C)O,0.7863787433979066
C=CN=C(N=C(N)N=O)N(C)C=O,0.7854515355339915
N=C(N=C(N)N)N(C=O)C(N)CN,0.7853190581532971
C=CNC(N=O)=NC(=NO)N(C)C,0.7852084519543225
C=NC(=NC(=N)N(C)C)N(C)OO,0.7847817850330504
C=NNC(N=C=O)=NC(=N)N(C)C,0.7846128378970213
CNN=C(N=C(N)N)N(C)CCN,0.784020856513167
N=C(N=C(N)NNO)N(C=O)CO,0.7829031378510617
C=C(C)N(C)C(N=C(N)N=O)=NN,0.7826918990003984
C=NNC(N=C)=NC(=N)N(C)CO,0.78158248600466
C=CN(C)C(=N)N=C(N=C)N(C)O,0.780203557366674
CC=NC(N=N)=NC(=N)N(C)C=O,0.7789190181125593
N=NC(=NC(=N)N(C=O)CO)NN,0.778706533589896
CN(C=O)C(=N)N=C(N=N)N=C=N,0.7783212497859455
CNN=C(N=C(N)N)N(CN)CN,0.7759437589155433
C=CN(C)C(N=C(N)N)=NC(=C)C,0.7754929770093099
CNCN(C)C(=N)N=C(N)NN=O,0.7747926451119265
C=CC(=C)N(C)C(=N)N=C(N)N=O,0.7744912156906627
C=NNC(N)=NC(=N)N(C=O)CO,0.7744193032724588
CC(N)C(N)N(C)C(=N)N=C(N)N,0.7742941993126607
CN=C(N=C(N)N)N(C=O)CNO,0.772673140594547
CN(CCN)C(N=C(N)N=O)=NN,0.7721227713683388
C=NC(=NC(=N)N(C)C(=C)C)NO,0.7718786652302265
C=NC(N=N)=NC(=NO)N(C)C=O,0.7708306989862733
C=NC(N=NC)=NC(=N)N(C)C=O,0.7699936293991444
CN=C(N=C(N)N)N(C=O)C(N)O,0.7697831093893847
C=C=C(C)N(C)C(=N)N=C(N)N=O,0.769479088580021
NCN(CN)C(N=C(N)N)=NNN,0.76859675549471
C=CN=C(N=C(N)N=O)N(C)C=C,0.7682630748969327
C=NC(N=N)=NC(=N)N(C)C(N)=O,0.7675487992923034
C=C(N)N=C(N=C(N)N=O)N(C)C,0.7675234969085154
CNNC(N)=NC(=N)N(C=O)CO,0.7669504634955143
C=NC(=NC(=N)N(C)C)NN=CC,0.7666892354656913
C=NC(=NC(=N)N(C)C(C)=O)NO,0.7661560894485803
C=CN=C(N=C(N=O)NN)N(C)C,0.7659195486773954
CN(CCN)C(N=C(N)NN)=NN,0.7656203523109267
CN(C(=N)N=C(N)N)C(N)C(N)N,0.7654770470447244
C=NN=C(N=C(N)N)N(C)CCN,0.7640971743214777
CN(C=O)C(=N)N=C(N=N)N=C=O,0.7640387102475418
C=C(C)N(C)C(=N)N=C(N=O)NO,0.7626968804644743
C=C(C=O)N(C)C(=N)N=C(N)N=O,0.7626098548030102
C=NC(N=N)=NC(=N)N(C=O)CC,0.7624849714602349
CN(C(=N)N=C(N)N)C(N)CNN,0.7623177710003937
C=C(C)N=C(N=C(N)N)N(C)CC,0.7616064086204019
C=C(C)N(C=O)C(=N)N=C(N)N=O,0.7605962925093066
CN(CCN=O)C(N=C(N)N)=NN,0.7605894702308246
C=C(C)N(C)C(=N)N=C(N=O)N=O,0.7604341216275391
CN(CNN)C(=N)N=C(N)NN=O,0.7600213830017202
C=CCN(C)C(=N)N=C(N=C)NO,0.7596208380912379
C=NC(N=N)=NC(=NC)N(C)C=O,0.759574101187214
CN(CN=N)C(=N)N=C(N)NN=O,0.7590908491556679
C=CN(CN)C(=N)N=C(N)NN=O,0.7590249787498888
CN=C(N=C(N)N)N(C)C(N)CN,0.7587773806187185
N=NNC(N)=NC(=N)N(C=O)CO,0.758657218220184
CN=C(N=C(N)N=O)N(C=O)CN,0.7581415136220416
COCN(C=O)C(=N)N=C(N)NN,0.7580377280888823
C=NC(N=N)=NC(=N)N(C)C(C)=O,0.757711053955844
C=NC(=NC(=N)N(C)CC=O)NO,0.7573581284930749
C=C(C)N=C(N=C(N)NC)N(C)C,0.7571345373041841
C=C(C)N=C(N=C(N)NO)N(C)C,0.7566778758185935
CC(=N)N(C)C(=N)N=C(NO)NO,0.7562826272547195
C=C(C)N=C(N=C(N)N)N(C)C=N,0.7557728556521057
C=C(C)N(C)C(=N)N=C(N=O)NC,0.7556134067772075
C=NC(=NC(=N)N(C)C)N(C)N=C,0.7552153553677896
C=C(O)NC(N=O)=NC(=N)N(C)C,0.7550639456688272
N=NCN(C=O)C(=N)N=C(N)N=O,0.7542767116187441
NCN(C(N=C(N)N)=NN)C(N)O,0.7531710116936521
CC(N=N)N(C=O)C(=N)N=C(N)N,0.7531632196035262
CCN(CN)C(=N)N=C(N)NN=O,0.7525581967096663
C=C(O)N=C(N=C(N)N=O)N(C)C,0.7524955799921326
N=C(N=C(N)NN)N(C=O)C(N)O,0.7521492055908009
CC=NC(N)=NC(=NC)N(C)C=N,0.7512210791295183
N=C(N=C(N)N)N(C=C=O)C(=O)O,0.7510643754862923
C=NC(N)=NC(=NC)N(C=N)CC,0.7507000511250963
NCN(CN)C(N=C(N)N)=NN=O,0.7498298757618351
C=NC(=NC(=N)N(C=O)CO)NN,0.7496426119886808
C=NC(=NC(=NO)N(C)C)N(C)O,0.7477057290907138
CN=C(N=C(N=O)N(C)C)N(C)C,0.7473918632180335
N=CN(CCN)C(N=C(N)N)=NN,0.747166580963328
C=NC(N=O)=NC(=N)N(C)C(=C)C,0.7456279987544179
CN(C(=N)N=C(N)N)C(CN)N=O,0.7444819087992421
C=C(C)N(C)C(N=C(N)N=O)=NO,0.7444332357246911
CN(CCNN)C(N=C(N)N)=NN,0.7441347495790854
C=NCC(N)N(C)C(=N)N=C(N)N,0.7440068372177228
CN=C(N=C(N)N)N(C=C=O)CO,0.7394491869331237
CCN(CCN)C(N=C(N)N)=NN,0.7388347854502894
C=NC(=NC(=N)N(C)C=O)N(C)O,0.7384311539982155
CN(C=O)C(=N)N=C(N=N)N=CO,0.7379828333452821
CN(CCN)C(=N)N=C(N)NC=N,0.7368281259488264
CNC(N=O)=NC(=NC=N)N(C)C,0.735365487527923
CN=C(N=C(N=O)NCN)N(C)C,0.7342946929006825
CC=NC(=NC(=N)N(C)C)N(C)O,0.7307416304350683
C=NC(N)=NC(=N)N(C=O)CN=N,0.7295563280337564
C=CNC(N=O)=NC(=N)N(C)C=N,0.7295373676441074
C=NNC(N=C=N)=NC(=N)N(C)C,0.7285023739170102
C=C(N)CN(C)C(N=C(N)N)=NN,0.7280200852762715
C=CN(O)C(N=O)=NC(=N)N(C)C,0.7280091084292993
C=NN=C(N=C(N)N)N(CN)CN,0.7279471692881821
N=C(N=C(NN)NO)N(C=O)CO,0.7276379323340354
C=CN(O)C(N=C)=NC(=N)N(C)C,0.7258574946488217
CN(C(=N)N=C(N)N=O)C(N)CN,0.7252637175649125
CN(CN=O)C(=N)N=C(N)NN=O,0.7248886632271294
C=CN(CCN)C(N=C(N)N)=NN,0.7247566687059207
C=NC(=NC(=N)N(C)C=N)N(C)O,0.7233561227263833
CC(O)N(C=C=O)C(=N)N=C(N)N,0.7224222449393827
CN(CC(N)=O)C(N=C(N)N)=NN,0.7221357391506501
C=C=NC(=NC(=N)N(C)C)N(C)O,0.7216611359027872
CCNC(N)=NC(=N)N(C)CCN,0.7206290384620971
C=NC(=NC(=N)N(C)C)N(C)OC,0.720337836108236
N=C(N=C(N)NN)N(C=O)C(O)O,0.7197015994822845
NN=C(N=C(N)NN)N(C=O)CO,0.7196574626198731
CNC(N=O)=NC(=NCN)N(C)C,0.7191916627083498
N=CN(C=O)C(=N)N=C(NO)NO,0.7186388292491994
CN(O)C(N)=NC(=N)N(C)CCN,0.7183447358518532
C=NC(N)=NC(=NC)N(C)C(=N)O,0.7181517683588962
C=C(C)N=C(N=C(N)NN)N(C)C,0.7179970509109697
C=CN(C=N)C(N=C(N)N=C)=NC,0.7177811714757513
C=CN(C=N)C(=N)N=C(NO)NO,0.7174810726608659
C=NC(=NC(=N)N(C=N)CC)NO,0.7167483619033571
CN(C(N=C(N)N)=NN)C(O)CN,0.7146528610513536
C=CNC(N=O)=NC(=NN)N(C)C,0.7145201711794522
CN(C(=N)N=C(N)NN=O)C(N)=O,0.7140644798610807
C=C(C)N=C(N=C(N)N=N)N(C)C,0.7138564749380226
CN=C(N=C(N)N=C=O)N(C)C=N,0.7134303735553508
C=NC(N)=NC(=NN)N(C)CCN,0.7133590878829332
C=C(C)N(CO)C(=N)N=C(N)N=O,0.7115540793436016
NN=C(N=C(N)N)N(C=C=O)CO,0.711511695273266
N=C(N=C(N)N)N(CN)C(N)CN,0.710470562624945
CN(C(=N)N=C(N)NN)C(N)CN,0.7103528986395963
C=NC(=NC(=N)N(C)C)NN=CO,0.7091200500567105
N=C(N=C(N)NO)N(C=C=O)CO,0.7075834598014966
CN(CCN)C(N=C(N)N)=NN=N,0.7074192395908446
CN(C=NN)C(=N)N=C(NO)NO,0.706821499072731
N=C(N=C(NN)NN)N(C=O)CO,0.706651408763296
CCN(C=N)C(=N)N=C(NO)NO,0.7052037642329255
C=NC(=NC(=NC)N(C)C=N)NO,0.7045236076038572
C=NC(=NC(=NC)N(C)C=N)NC,0.7028645286994547
C=NNC(N=C)=NC(=N)N(C)CC,0.7012542939371091
CNC(CN)N(C)C(=N)N=C(N)N,0.6977247895631172
C=NC(CN)N(C)C(=N)N=C(N)N,0.6975299871022648
C=NC(N)=NC(=NC)N(C=N)C=N,0.6973207897621655
NCN(CN)C(N=C(N)N=O)=NN,0.6959307969229758
C=C(C)N(C)C(=N)N=C(N=O)NN,0.6950633990375856
N=C(N=C(N)NN)N(C=O)COO,0.6931614045944177
C=NC(=NC(=N)N(C)C(C)C)NO,0.6925109059907697
CN(CCN=N)C(N=C(N)N)=NN,0.692374706263401
C=C=NC(N)=NC(=NC)N(C)C=N,0.6915094163040764
CN(CCN)C(N=C(N)N=N)=NN,0.6907773379143393
CCN(C(=N)N=C(N)N)C(N)CN,0.6893687554262942
CC(=CN)N(C)C(=N)N=C(N)N=O,0.6882742960764063
N=NC(O)N(C=O)C(=N)N=C(N)N,0.6874588896058169
CN(C)C(N=C(N)N=O)=NC=C=N,0.6865269348009644
N=C(N=C(N)NN)N(C=C=O)CO,0.6862652978520759
N=C(O)N(C=C=O)C(=N)N=C(N)N,0.686207427798221
CNC(N=N)=NC(=N)N(C)CCN,0.6857650696382008
CN(C=N)C(N=C(NO)NO)=NO,0.6843800637980837
CN(C)C(=N)N=C(N=CO)N(C)O,0.6842775573358602
C=CN(C)C(=N)N=C(N=C)NN=C,0.6838544749641146
C=C(O)N(C=O)C(=N)N=C(N)NN,0.6837633259352099
C=C(C)N(CC)C(=N)N=C(N)N=O,0.6823988449164103
NCN(C=O)C(N=C(N)N)=NC=O,0.6814836056950826
CN(C)C(=N)N=C(N=C=N)N(C)O,0.6802032401210386
CN(CN)C(=N)N=C(N)N(N)N=O,0.6792272396130483
NCN(CN)C(N=C(N)N)=NNO,0.6781081593169496
CN(CN)C(=N)N=C(N)N(C)N=O,0.6756241735523694
C=NC(N)=NC(=NC=O)N(C)C=N,0.6751673636271419
C=C(C)NC(N=O)=NC(=N)N(C)C,0.6747935535808279
C=C(C)N(C)C(=N)N=C(N=N)N=O,0.6736457570284854
C=CN(CC)C(=N)N=C(N=C)NO,0.6729066024874486
N=C(N=C(N)N)N(C=O)CN=NN,0.6727113842836348
CN=C(N=C(N)N=CN)N(C)C=N,0.6721849105005776
CN(C(=N)N=C(N)N)C(N)CN=O,0.6709072616583678
C=NC(=NC(=N)N(C)CN)N(C)O,0.670367525871963
CN(CC(N)N)C(N=C(N)N)=NN,0.6684179824251104
CN(CCN)C(=N)N=C(N)NCO,0.6672836941592456
C=NC(N)=NC(=NC)N(C)C=NC,0.6646038423259115
CN(CC(=N)N)C(N=C(N)N)=NN,0.6641261737070859
N=C(N=C(N)NN)N(C=O)C(=O)O,0.6638308893381297
C=NC(=NC(=N)N(C)CC)NOO,0.6591338104856062
CN(C=N)C(=N)N=C(NO)NOO,0.657077576588852
NCN(C(N)=O)C(N=C(N)N)=NN,0.65640693470996
N=C(N=C(N=O)NN)N(C=O)CO,0.6551199949970155
C=NNC(N=C)=NC(=N)N(C)CN,0.6528400948469126
CN(CN)C(N=C(N)NN=O)=NO,0.6524313700476194
CN(CN)C(=N)N=C(N=O)NN=O,0.6520594623066754
CC(=C=O)N=C(N=C(N)N)N(C)C,0.6520366171175386
CNC(N)=NC(=N)N(C)CC(C)N,0.651963604878667
CNC(N=O)=NC(=NCO)N(C)C,0.6513933345181361
CNC(=NC(=N)N(C)CCN)NC,0.6512786317982886
C=C(N)CN(C)C(=N)N=C(N)NC,0.6512595042616782
C=NC(=NC(=N)N(C)CCC)NO,0.6495424543197739
C=NC(=NC(=NC)N(C)CC)NO,0.6493715047799304
N=CN(C(=N)N=C(N)N)C(N)CN,0.648716169018333
C=C=NC(N=N)=NC(=N)N(C)C=O,0.6481461778049632
CN(C(=O)CN)C(N=C(N)N)=NN,0.6478284168819607
CC=C(C)N=C(N=C(N)N)N(C)C,0.6475900401565744
C=NC(N)=NC(=NC)N(C)C=NN,0.6467474943499247
C=NC(=NC(=NO)N(C)CC)NO,0.6463916806774973
C=C(CN)N(C)C(N=C(N)N)=NN,0.6462113076044934
N=C(N=C(N)N)N(C=C=O)COO,0.6456807414748404
NCN(CN)C(N=C(N)NN)=NN,0.6455031036336415
C=NC(=NC(=N)N(C)C)NN=C=N,0.6454381944079861
N=CN=C(N=C(N)N)N(C=O)CN,0.645047601664633
C=NC(=NC(=N)N(C)C)N(O)N=C,0.6448287822237422
N=NCN(C=O)C(=N)N=C(N)N=N,0.6446508287763619
C=CN(N)C(N=O)=NC(=N)N(C)C,0.6428591201369906
N=NC(N)=NC(=NN)N(CN)CN,0.6427276988104335
CN(CCN)C(N=C(N)NO)=NN,0.6406341293609575
CN(C=O)C(=N)N=C(N=N)N=CN,0.6406093730148356
CN(C)C(N=C(N)N=O)=NC=C=O,0.6392246554934514
CN(C(=N)N=C(N)N)C(N)C(N)O,0.6370841607594838
C=C=NC(=NC(=N)N(C)CC)NO,0.6356964563088877
CCN(CCN)C(=N)N=C(N)NC,0.6355850726622663
CNC(=NC(=N)N(C=O)CO)NN,0.6354058260259294
CN=C(N=C(N=O)NC=N)N(C)C,0.6351771963283193
CN(CCN)C(N=C(N)N)=NNO,0.6350860367748066
NCN(CNN)C(N=C(N)N)=NN,0.6348248798095747
CN=C(N=C(N)N)N(C=O)C(N)N,0.6342425160824708
C=NC(=NC(=N)N(C)C)N(O)C=O,0.6342280798081167
C=C(C)N(CN)C(=N)N=C(N)N=O,0.6336299556463713
C=CNC(N)=NC(=N)N(C)CCN,0.6318626990823292
C=NC(N)=NC(=NC)N(C=N)CN,0.6310681102833616
C=C(CC)N(C)C(=N)N=C(N)N=O,0.6301726527121763
CN=C(N=C(N=O)NC)N(C)C=N,0.6282169854781844
N=C(N=C(N)N)N(C=C=O)CON,0.6278936083186877
CN(CCN)C(N=C(N)N)=NN=O,0.6266116733678608
C=C=NNC(N=C)=NC(=N)N(C)C,0.6257987818765183
C=NNC(N=CO)=NC(=N)N(C)C,0.6256818124208202
CCNC(N=O)=NC(=NC)N(C)C,0.6252317531070612
CN(C(=N)N=C(N)N)C(CN)NO,0.6248521213710362
C=NC(=NC(=N)N(C)CC)NOC,0.6235619551694859
N=CN(CN)C(=N)N=C(NO)NO,0.6233371446313426
C=NC(=NC(=N)N(C)CC)N(O)O,0.6225391403097847
C=NC(N)=NC(=NC(=C)C)N(C)C,0.6220492085032826
C=C(CN)N(C)C(=N)N=C(N)NC,0.6189829621011615
CNC(N)=NC(=NN)N(CN)CN,0.6184284775628889
C=C=NC(=NC(=N)N(C)C)NN=C,0.615252348467682
C=CN(CCN)C(=N)N=C(N)NC,0.6147760792596544
N=C(N=C(N)NN=O)N(CN)CO,0.612402120885964
C=NC(N)=NC(=NCC)N(C)C=N,0.6118037756306873
CNC(N)=NC(=N)N(C)C(=O)CN,0.6115807750241772
CN(C)C(=N)N=C(N=C=O)N(C)O,0.609716493719474
CONC(=NC(=N)N(C)C=N)NO,0.608333442323912
C=NC(=NC(=N)N(C)CC)N(C)O,0.6083013647564207
CC(N)CN(C)C(N=C(N)N)=NN,0.6080548640688449
CCN(C)C(=N)N=C(N=C=N)NO,0.6076069417451504
C=CN(C(=N)N=C(N)N)C(N)CN,0.6074192447708113
CN(CN)C(=N)N=C(N)N(O)N=O,0.6069563311207284
N=C(N=C(N)N(N)O)N(C=O)CO,0.6068555174574725
N=CN(C=N)C(=N)N=C(NO)NO,0.6066479530843261
CNC(N)=NC(=N)N(C)C(N)CN,0.606462607551045
CC(=C=O)N(C)C(=N)N=C(N)N=O,0.6062544794102486
N=C(N=C(N)NN)N(CO)C(=O)O,0.605396008632478
CNC(N)=NC(=N)N(C)CCN=N,0.6021879748477718
NNC(N)=NC(=NO)N(C=O)CO,0.6019805599273386
CC(=C=N)N(C)C(=N)N=C(N)N=O,0.6011976173184073
CN(C(N=C(N)N)=NN)C(N)CN,0.599544899828518
CN=C(N=C(N=O)NCO)N(C)C,0.5986719391229955
C=C=CNC(N=O)=NC(=N)N(C)C,0.5983408368121399
C=NNC(N=C)=NC(=NN)N(C)C,0.5979155253571006
CNC(N)=NC(=NN)N(C)CCN,0.597260441599633
C=CN=C(N=C(N=N)N=O)N(C)C,0.5962045910061087
CN(C(=N)N=C(N)N)C(N)C(=N)N,0.5960812074650855
COCN(C=C=O)C(=N)N=C(N)N,0.5955377915422112
C=NC(N=C)=NC(=NC)N(C)C=N,0.5942757845785734
CN(CNO)C(=N)N=C(N)NN=O,0.5931758880964951
CNC(=NC(=N)N(C)CCN)NO,0.5925650395464348
CN(C(=N)N=C(N)NO)C(N)CN,0.5862372468678778
CCN=C(N=C(N=O)NC)N(C)C,0.5830375187750642
CN(C(=N)N=C(N)N)C(CN)NN,0.5818800223700463
CC(=CN)N=C(N=C(N)N)N(C)C,0.5813713536508474
CC(O)N(C=O)C(=N)N=C(N)NN,0.5799652234467504
CN=CN(C)C(=N)N=C(NO)NO,0.5797673388849778
N=CN(CN)C(=N)N=C(N)NN=O,0.5795904077683037
C=C(C)N(C)C(N=C(N)N=O)=NC,0.5795117284453153
N=C(N)N(CN)C(N=C(N)N)=NN,0.5783960129123458
CCN(C)C(=N)N=C(N=C=O)NO,0.5783133738534781
N=C(N=C(N)NN)N(C=O)CON,0.5724599776787013
N=C(N=C(N)N)N(C=C=O)C(N)O,0.5715290693243874
C=C(CO)N=C(N=C(N)N)N(C)C,0.5710295774808885
C=CC(=C)N=C(N=C(N)N)N(C)C,0.5693531585300469
C=NC(N)=NC(=N)N(C=C=O)CO,0.5689365703178921
NCCN(CN)C(N=C(N)N)=NN,0.5682315034993146
C=NC(N)=NC(=NCO)N(C)C=N,0.5680118101381815
CN(C(=N)N=C(N)NN=O)C(N)O,0.5671086084987972
CN(C)C(N=C(N)N=O)=NC=CN,0.5643215426972593
N=C(N=C(N)NN)N(CO)C(N)=O,0.5613139745026317
C=C(N)N(C)C(=N)N=C(N)NN=O,0.5605909976390259
C=NC(=NC(=N)N(CC)CN)NO,0.5576596193251057
N=NC(N)N(C=O)C(=N)N=C(N)N,0.5551036779277536
CC(N)N(C)C(=N)N=C(N)NN=O,0.5535968512118161
CN(C)C(N=C(N)N=O)=NC=CO,0.5528940935360209
C=CN=C(N=C(N)N=C)N(C)C=N,0.5525492027120483
CC(N)N(CN)C(N=C(N)N)=NN,0.5469714883822244
CNC(=NC(=N)N(C)CCN)NN,0.5462398074150279
C=C(N)NC(N=O)=NC(=N)N(C)C,0.5439245777495625
C=NNC(N=CN)=NC(=N)N(C)C,0.5433244218916466
N=NCN(C=O)C(N=C(N)N)=NO,0.5432309768103273
CN(CN)C(=N)N=C(NN)NN=O,0.5431367646070766
C=NCCN(C)C(=N)N=C(N)NC,0.5414277299965303
CC(=O)N(CN=N)C(=N)N=C(N)N,0.540932547724208
CNC(N)=NC(=N)N(C)CCN=O,0.5408107078470813
C=CNC(N=O)=NC(=N)N(C)C=C,0.5408031303804005
C=NC(N=O)=NC(=NC)N(C)C=N,0.538898972168705
C=NC(N=N)=NC(=NN)N(C)C=O,0.537739004871888
NCN(CNO)C(N=C(N)N)=NN,0.5372520315067152
C=NC(N)=NC(=NC=N)N(C)C=N,0.5369403887924646
NC(N)=NC(=NO)N(C=C=O)CO,0.5330118542719562
CC=CNC(N=O)=NC(=N)N(C)C,0.5312161016680473
CNC(N)=NC(=N)N(CN)CCN,0.5306674718706995
C=C(C=O)N=C(N=C(N)N)N(C)C,0.5282701391734971
C=NCN(C)C(=N)N=C(N)NN=O,0.527788145195011
CN=C(N=C(N=O)N(C)N)N(C)C,0.5268740982998151
CN=C(N=C(N)N)N(CN)C(=O)O,0.5235466737270332
CNCC(N)N(C)C(=N)N=C(N)N,0.5219079472101925
CN(C(=N)N=C(N)N)C(N)CNO,0.5209672028587709
CN(C=N)C(=N)N=C(NO)N(O)O,0.520123203244271
C=NC(=NC(=N)N(CC)CO)NO,0.5194223478754498
NCN(C(N=C(N)N)=NN)C(N)N,0.5183019234053389
CN(C=N)C(=N)N=C(NO)N(N)O,0.5180279630319439
CNCN(CN)C(N=C(N)N)=NN,0.5174263288740548
CN(CCN)C(=N)N=C(N)NCN,0.517184647091421
C=NC(=NC(=N)N(C)C)N(O)CN,0.5168185055092428
CN(C(=N)O)C(=N)N=C(NO)NO,0.5130881907162259
CNC(N)=NC(=N)N(C)C(O)CN,0.5115996266251484
C=NC(=NC(=N)N(C)CCN)NO,0.5097867137510745
C=NC(N)=NC(=NC)N(C=N)C=O,0.5096316527450183
C=C(N)N(CN)C(N=C(N)N)=NN,0.5073970996045776
CN(C(=N)N=C(N)N)C(CN)N=N,0.5067395877424667
CN=C(N=C(N)N)N(CN)C(N)=O,0.5066602251541326
CN=C(N=C(N)N=CO)N(C)C=N,0.5
CN(C(=N)N)C(=N)N=C(N)NN=O,0.5
C=CN(C)C(N=O)=NC(=N)N(C)C,0.5
C=NCCN(C)C(N=C(N)N)=NN,0.49406855390619864
CN(N)C(N)=NC(=N)N(C=O)CO,0.49337599038656915
NCN(CN=O)C(N=C(N)N)=NN,0.4899469431831722
CN(C=NO)C(=N)N=C(NO)NO,0.4856744134932057
CNC(N)=NC(=N)N(C=C=O)CO,0.48221998580336733
C=NC(N)=NC(=NN)N(CN)CN,0.4818477748421505
N=C(N=C(N)N)N(CO)C(N)CN,0.48021967606632276
CC(CN)N(C)C(N=C(N)N)=NN,0.4782461874548646
CN(C(=N)N=C(N)N=N)C(N)CN,0.4781210548871238
C=NC(N)=NC(=NC)N(C)C(=N)N,0.476451237460777
N=NC(N)=NC(=N)N(C=C=O)CO,0.4741834572866866
C=C(N=N)N(C=O)C(=N)N=C(N)N,0.4735880950545324
C=C=C(C)N=C(N=C(N)N)N(C)C,0.47066814624215103
CCN(C)C(=N)N=C(N=CN)NO,0.46802963989779195
N=C(N=C(N)N(N)N)N(C=O)CO,0.46272608243029845
CC=C(C)N(C)C(=N)N=C(N)N=O,0.45754993633215973
CN(C(=N)N=C(N)N)C(N)CN=N,0.45669512077506064
CN=C(N=C(N)N)N(C=O)C(N)=O,0.45526369950568585
C=NC(=NC(=N)N(C)C)N(C)ON,0.454772918079535
CN(C)C(N)=NC(=N)N(C)CCN,0.45273286145579517
CC(=C=N)N=C(N=C(N)N)N(C)C,0.4509909178831581
C=NC(=NC(=N)N(C)CC)N(N)O,0.4504195086829588
CNC(N=O)=NC(=NC=O)N(C)C,0.44932875817919443
CN(C)C(=N)N=C(N=O)NC=CO,0.4486114834241332
N=CN(CO)C(=N)N=C(NO)NO,0.4471100642664039
CN(C=N)C(=N)N=C(NO)NON,0.44577129790270587
C=NCN(CN)C(N=C(N)N)=NN,0.4452062229446694
C=NC(N=N)=NC(=NC)N(C)C=N,0.4446586628053166
NCN(CN)C(N=C(N)NO)=NN,0.44283696521257776
CN(C(=N)N=C(N)N)C(N)(N)CN,0.44180212044739897
CN(C(N=C(N)N)=NO)C(N)CN,0.4415062142606106
CN(CCN)C(=N)N=C(N)NC=O,0.4406019280260876
C=NC(N)=NC(=NCN)N(C)C=N,0.4401142697800004
CN(C(=N)N=C(N)N)C(N)C(N)=O,0.4387236789358214
C=NC(=NC(=N)N(C)CCO)NO,0.4382637439034187
C=NC(=NC(=N)N(C)C)N(O)C=N,0.4379826092714202
C=C(N)N(C=O)C(N=C(N)N)=NC,0.4372495371973579
CN=C(N=C(N=O)NC=O)N(C)C,0.4315798758154834
CN=C(N=C(N)NC)N(C)CCN,0.43013169260418027
C=NC(=NC(=N)N(C)C)N(O)CC,0.4282735864981377
CNC(N)=NC(=N)N(C)C(=N)CN,0.4223189848349797
NCCN(CO)C(N=C(N)N)=NN,0.42031609325649816
CNC(N)=NC(=N)N(C)CC(=N)N,0.41752647611421584
CN=C(N=C(N)N=C=N)N(C)C=N,0.4159713555873688
CCN(C)C(=N)N=C(N=CO)NO,0.4131013384853375
N=C(N=C(N)N)N(CO)C(N)=C=O,0.4127279819067337
CN(CN)C(=N)N=C(NO)NN=O,0.4122262285786446
CNC(N)=NC(=N)N(C)CCNN,0.41219622482989543
CN(C(=N)N=C(N)N)C(C)(N)CN,0.41160374477927647
C=NC(=NC(=NN)N(C)CC)NO,0.41017297900191707
CN(C)C(=N)N=C(N=O)NC=C=N,0.408817002205092
CC=CN=C(N=C(N)N=O)N(C)C,0.4062196068674555
CC(=CO)N(C)C(=N)N=C(N)N=O,0.40405229924141695
C=NC(=NC(=N)N(C)C)N(N)N=C,0.4022893812662145
N=NCN(C(=N)N=C(N)N)C(=O)O,0.40072944909711977
CN=C(N=C(N)N)N(CN)C(C)=O,0.3995883951631387
CNC(N)=NC(=N)N(CO)CCN,0.399399856153014
CN(C)C(=N)N=C(N=O)NC=CN,0.3951141024979252
CN=C(N=C(NO)NO)N(C)C=N,0.3935783417965861
CN(C=N)C(N=C(NO)NO)=NN,0.3934311742554422
C=C(C=N)N=C(N=C(N)N)N(C)C,0.39148311417604553
C=NC(=NC(=N)N(C)C)N(O)CO,0.39113157047994607
C=NC(=NC(=N)N(C)C(C)N)NO,0.3904722905807901
N=NN=C(N=C(N)N)N(CN)CN,0.3904646459500522
N=C(O)N(C=O)C(=N)N=C(N)NN,0.38747472853471665
C=NC(N)=NC(=NC)N(C=N)CO,0.38634609731422165
CN(C(=N)N)C(=N)N=C(NO)NO,0.3835962748297677
N=NCN(CN)C(N=C(N)N)=NN,0.3812314151404964
CC(=CO)N=C(N=C(N)N)N(C)C,0.3789336051965065
CNC(N)=NC(=N)N(C)CC(N)N,0.37616034683084715
CNC(N)=NC(=N)N(C)CC(N)=O,0.3739810006574686
CN(C)C(=N)N=C(N=O)NC=C=O,0.37189893784044314
CNC(N)=NC(=N)N(C)CC(N)O,0.3657034350152925
CN(O)C(=NC(=N)N(C)C=N)NO,0.3603772549227405
C=NC(=NC(=N)N(C)CC)NON,0.35611040441059527
N=NC(=O)N(C=O)C(=N)N=C(N)N,0.3504281109094785
C=C(N)C(N)N(C)C(=N)N=C(N)N,0.3497710929654933
CN(C(=N)CN)C(N=C(N)N)=NN,0.34438316441541017
CC(=C=O)N(CO)C(=N)N=C(N)N,0.3431242652332408
CNC(N)=NC(=N)N(C)CCNO,0.34137470290218774
N=NC(=N)N(C=O)C(=N)N=C(N)N,0.33775312788300926
CN(C(=N)N=C(N)N)C(N)(O)CN,0.32195133092886585
C=NC(=NC(=N)N(C)C(C)O)NO,0.3217343405191806
CN(CC(N)O)C(N=C(N)N)=NN,0.3214096151882632
C=C(CC)N=C(N=C(N)N)N(C)C,0.3180058830982676
CN(C)C(=N)N=C(N=CN)N(C)O,0.30220510239478277
CNCCN(C)C(=N)N=C(N)NC,0.300200831763599
CNC(N)=NC(=NO)N(C)CCN,0.2784664192746103
C=C(CN)N=C(N=C(N)N)N(C)C,0.27256393207354906
N=NCN(C(=N)N=C(N)N)C(N)=O,0.2716099469415015
CN(N)C(N)=NC(=N)N(C)CCN,0.2594186975611107
C=NC(=NC(=NN)N(C)C)N(C)O,0.2516100032358642
N=C(N=C(N)N)N(CO)C(O)=C=O,0.25142562877719093
CNC(N)=NC(=N)N(C)C(C)CN,0.23038271943639377
CN=C(N=C(N=O)NC)N(C)COC,0.9214767003014261
C=CNC(N=O)=NC(=NC)N(C)CO,0.9188471934172443
C=NC(=NC(=N)N(C)CC=N)N(C)O,0.9115998211444973
C=CCN(C)C(N=C(N)N=O)=NC=C,0.9109486274580789
C=CN=C(N=C(N=O)NO)N(C)CC,0.9092292885099592
CC=NC(=NC(=N)N(C)C)NN=C=O,0.9033968365212378
CC(N)CN(C=O)C(N=C(N)N)=NN,0.903154743702189
C=CN=C(N=C(N=O)NO)N(C)C=O,0.9009540449102278
C=C(C)N=C(N=C(N)N=O)N(C)CC,0.9000212687677079
N=NCN(C=O)C(=N)N=C(N)NCN,0.8988110074821221
C=NC(=NC(=N)N(C)CC=NC)NO,0.8978285787606122
N=NC(N)=NC(=N)N(C=C=O)C(O)O,0.894644085539021
CN=C(N=C(N=O)NC)N(CO)CO,0.8908296335743312
NC(N)=NC(=NCO)N(C=O)C(N)O,0.8880145006743392
C=CN=C(N=C(N)N=O)N(C)CC=O,0.8873920949682934
C=CN=C(N=C(N=O)N(O)O)N(C)C,0.8841183887879515
NNCN(C=O)C(N=C(N)N)=NCO,0.8840922542429848
C=CN=C(N=C(N)N=O)N(C)C(C)C,0.8835430259343945
C=NC(=NC(=N)N(C)CO)NN=C=O,0.8829425888675583
C=CN=C(N=C(N)N=O)N(C)CC=N,0.8824318132645287
C=NC(N=NO)=NC(=N)N(C=O)C=O,0.8821336061420083
C=NC(=NC(=NO)N(C)C)NN=C=O,0.8820470089357548
CC(O)N=C(N=C(N)N)N(C=O)CN,0.8813851217117629
C=CN=C(N=C(N=O)NO)N(C)CO,0.8805091761138079
CNC(N)=NC(=NN)N(C=O)CCN,0.8804642428577671
CN=C(N=C(N=O)NC)N(C=O)CO,0.8803128907102891
C=C=NC(N)=NC(=NC)N(C)C=NO,0.8795623936728868
NN=C(N=C(N)N)N(C=O)CCNN,0.8784961853918142
CNC(N=O)=NC(=NCN)N(C)CO,0.8762016969026173
NCCN(C=O)C(N=C(N)N)=NNO,0.8731874377644139
C=C=NC(=NC(=N)N(C)C)NN=C=O,0.8730848614384362
C=CN=C(N=C(N)N=O)N(C)C(C)O,0.8726474086795242
C=CN=C(N=C(N=O)N(C)O)N(C)C,0.8714340238322595
CN=C(N=C(N=O)NC)N(C)C(C)O,0.8708765867202201
C=C=C(C)N(C=C)C(=N)N=C(N)N=O,0.8705857144804663
NCN(C=O)C(N=C(N)NN)=NCO,0.8705386659735864
C=CN=C(N=C(N)N=O)N(C)CCN,0.8692641920909117
C=NC(=NC(=N)N(C=N)CC=N)NO,0.8676303523564678
C=CN(C=NO)C(N=C(N)N=C)=NC,0.86760931342554
CNCCN(C=O)C(N=C(N)N)=NN,0.8675555302332603
NCCN(C=O)C(N=C(N)N)=NNN,0.8669411477929265
CN=C(N=C(N=O)NC)N(C)COO,0.866847926386913
N=C(N=C(N)NO)N(C=C=O)C(O)O,0.8662928066400537
C=NC(N)=NC(=NNN)N(C)CCN,0.8648511925700263
C=CN=C(N=C(N)N=O)N(C)CCC,0.8646275024037334
C=CN(CO)C(N=C(N=O)NC)=NC,0.8637969271608258
CN(CCN)C(N=C(N)N=N)=NNN,0.8630959865034206
C=CN(C(=N)N=C(N)N=O)C(C)=CC,0.862582414504244
CN(CCN)C(N=C(N)N)=NNNN,0.8623226843777803
NCCN(C=O)C(N=C(N)NN)=NN,0.8619190071268957
CNC(N)=NC(=N)N(C=C=O)C(O)O,0.8606730145232219
C=CN(C(=N)N=C(N)N=O)C(C)=C=O,0.8603819823094304
C=C(C)N(C=CC)C(=N)N=C(N)N=O,0.8600759073440687
CNC(N)=NC(=N)N(C=O)CN=NO,0.8599402620000394
C=NC(=NC(=N)N(CC)CC=N)NO,0.8578866711486174
C=NC(=NC(=N)N(C=O)CN=N)NC,0.8577334076642675
C=CN(C(=C)C)C(N=C(N)N=O)=NO,0.857595227103914
CN=C(N=C(N=O)NCO)N(C)CO,0.8571220916632344
N=C(O)N=C(N=C(N)N)N(C=O)CN,0.8568068102759033
CCN(CCN)C(N=C(N)N)=NNN,0.8548578600631845
C=CN=C(N=C(N)N=O)N(C)C(C)=O,0.8547456838981862
C=CN=C(N=C(N=O)N=O)N(C)CC,0.853806267699923
CN=NCN(C=O)C(=N)N=C(N)NC,0.8534849734542624
CC=NC(N=N)=NC(=N)N(C=O)C=O,0.8532797496597825
C=C(C)N(C=CO)C(=N)N=C(N)N=O,0.852993456023815
CCC(N)N(C=O)C(N=C(N)N)=NC,0.8527214645698212
CNC(N=O)=NC(=NC=N)N(C)CO,0.8520286335871078
C=CN(C(=C)CO)C(=N)N=C(N)N=O,0.8518426926629336
NCN(C=O)C(N=C(N)N)=NC(O)O,0.8517426073912173
CN=C(N=C(N)NN)N(C=O)C(C)N,0.8505933071194368
C=C=CN=C(N=C(N=O)NO)N(C)C,0.8498218524010267
NCN(C=O)C(N=C(N)N)=NC(N)O,0.8495927130034325
C=CN=C(N=C(N)N=O)N(CC)CO,0.8490114423293559
C=CN=C(N=C(N=O)NC)N(C)CO,0.8484933682383112
NCN(C=O)C(N=C(N)NO)=NCO,0.8475355046117028
C=CC(=C)N(C=C)C(=N)N=C(N)N=O,0.8475205105665268
C=CN=C(N=C(N)N=O)N(CC)CC,0.8454408232220417
C=NC(=NC(=N)N(C=O)CO)N(C)O,0.844586436210032
C=CN=C(N=C(N=O)NC)N(C)CC,0.8445067914271087
CN=C(N=C(N=O)N(C)O)N(C)CO,0.8440520396681954
C=CN(C)C(N=C(N=O)N(C)O)=NC,0.8430252973255179
CN=C(N=C(N=O)NC)N(C)C(=O)O,0.8425530021452166
CN=C(N=C(N=O)NCN)N(C)CO,0.8417230403333635
CN(CCNN)C(N=C(N)N)=NNN,0.8414990120977873
CN=C(N=C(N)NC)N(C=O)CN=N,0.8408427906766768
C=NNC(N=C)=NC(=NO)N(C)C=N,0.8408327052333002
C=NC(=NC(=N)N(C)CC=N)NOO,0.840134786576052
C=CN(C(=C)C=O)C(=N)N=C(N)N=O,0.8399537001712009
CNC(N=N)=NC(=N)N(C=O)CN=N,0.839789371711552
N=C(N=C(N)NN=O)N(CN)C(N)O,0.8390511806605366
C=NC(=NC(=N)N(C)C(C)O)N(C)O,0.8385326842068898
C=CN(C(=C)C)C(=N)N=C(N=O)N=O,0.8382373127953243
CN=C(N=C(N)N)N(C=O)C(N)CO,0.8363891320524167
CC(N)N(CN)C(=N)N=C(N)NN=O,0.8358357782029128
CCNC(N)=NC(=N)N(C=O)CN=N,0.8354405549794166
CCN=C(N=C(N=O)N(C)O)N(C)C,0.8340793585145535
NN=C(N=C(N)N)N(C=O)CC(N)N,0.8334272570512816
CNC(N=O)=NC(=N)N(C=O)CN=N,0.8324295713487586
C=NC(=NC(=NO)N(C)C)NN=C=N,0.8322825192021229
C=NC(N)=NC(=NC)N(C=O)C=NO,0.8319010368902172
C=CN(C(=C)C)C(N=C(N)N=O)=NC,0.8316642559192265
C=NC(N)=NC(=NN)N(C=O)CCN,0.8316268378831413
C=NCCN(C=O)C(N=C(N)N)=NN,0.8311111145155705
C=NNC(N=C)=NC(=NO)N(C)C=O,0.8305076955902515
C=CN=C(N=C(N=O)NO)N(C)CN,0.8296407704365072
C=NC(=NC(=N)N(C)C(=C)O)N(C)O,0.8294031700036862
CC(N)N(C=O)C(N=C(N)N)=NCO,0.8289595142864485
C=NC(=NC(=N)N(C)CO)N(O)CN,0.8289351626667301
C=NC(=NC(=N)N(C)C(=C)C=N)NO,0.828438317469565
C=C(C)N=C(N=C(N=O)NO)N(C)C,0.8280780960832963
C=CN=C(N=C(N=C)N=O)N(C)CC,0.8279100406697781
CC(=N)N(CO)C(=N)N=C(NO)NO,0.8275563444381754
C=NNC(N=C)=NC(=NO)N(C)CC,0.8266733047680817
CN(CC=N)C(=N)N=C(N=C=N)NO,0.8249802869647597
C=NC(N)=NC(=N)N(C=C=O)C(O)O,0.8242690711462013
C=NNC(N=C=N)=NC(=NO)N(C)C,0.8241547467976005
NN=C(N=C(N)N)N(C=O)CCNO,0.8238399076536238
C=NC(=NC(=N)N(C)C)N(O)N=C=O,0.8238225181882823
C=CN(C(=N)N=C(N)N=O)C(C)=CO,0.8229138335887453
C=NC(N)=NC(=NC)N(C=O)C(C)N,0.822500750130256
C=NC(=NC(=NO)N(C)CC=N)NO,0.8196650651033859
C=CN=C(N=C(N)N=O)N(C=O)CC,0.8193747147460447
C=C(O)N=C(N=C(N)N)N(C=O)CN,0.8191820640264939
C=NC(N=C)=NC(=NC)N(C)C=NO,0.8191114764585881
CN(CCN=O)C(N=C(N)N)=NNN,0.818908326690086
C=NN=C(N=C(N)N)N(C=O)CCN,0.8186867265487558
CN=C(N=C(N)NO)N(C=O)C(C)N,0.818196803329253
C=NC(N=O)=NC(=NC)N(C)C=NO,0.8178264559395529
NN=C(N=C(N)N)N(C=O)CC(N)O,0.8156467995037158
NCN(C=O)C(N=C(N)N)=NC(=O)O,0.8149278960225284
N=C(N)CN(C=O)C(N=C(N)N)=NN,0.8148017104741129
C=NC(N)=NC(=NCO)N(C=O)CN,0.8140342637570034
C=C(O)N=C(N=C(N)N=O)N(C)CC,0.813651417863862
CN(N)C(N)=NC(=N)N(C=O)CN=N,0.8127652279080204
C=NC(=NC(=N)N(C)CO)N(C)OO,0.8123959100987322
CN=C(N=C(N=O)NC=N)N(C)CO,0.8113956942427437
C=CN=C(N=C(N=O)NO)N(C)C=C,0.810981820849476
NCCN(CO)C(N=C(N)N)=NNN,0.8101921309576877
C=CN=C(N=C(N)N=O)N(C=C)CC,0.8100795772064661
CNN=C(N=C(N)N)N(C=O)CCN,0.8066967199260076
C=NC(=NC(=NO)N(C)C)NN=CC,0.8063997870927625
CN=C(N=C(N)N)N(C=C=O)C(O)O,0.8057080248762634
C=CN(C(C)=N)C(=N)N=C(NO)NO,0.8051579686212984
C=NC(=NC(=NC)N(C)C)NN=C=O,0.805016169704079
C=CN(CO)C(=N)N=C(N=C)N(C)O,0.8037429526019473
C=CN=C(N=C(N=O)NN)N(C)CC,0.8018447541311946
C=NC(=NC(=N)N(C)CC=N)NON,0.8017182535317358
CN(O)C(N)=NC(=N)N(C=O)CN=N,0.8014604286844869
C=NC(N)=NC(=NC)N(C=NO)CC,0.8012137514701035
C=C(O)N(C)C(N=C(N=O)NC)=NC,0.80025557531568
CN=C(N=C(N=O)NC)N(C)C(=N)O,0.7992616844722146
C=NC(=NC(=N)N(C)C=O)NN=C=O,0.7980620565142662
CN(CCN)C(N=C(N)N=O)=NNN,0.7979772565199323
C=CN(C(=C)CC)C(=N)N=C(N)N=O,0.7970373426952231
C=NC(=NC(=N)N(C)CC=N)N(O)O,0.7960829236100746
C=NC(=NC(=N)N(C=O)CC=N)NO,0.7958508859651933
C=CN=C(N=C(N)N=O)N(C)C(=C)C,0.7947109031457199
C=CN=C(N=C(N)N)N(C=O)C(C)N,0.7920211149153784
CN(CC(=N)N)C(N=C(N)N)=NNN,0.7917685634416403
C=NC(=NC(=N)N(C)C(N)O)N(C)O,0.7912598366096395
C=NC(=NC(=N)N(C)CO)N(O)CO,0.7911695905277202
CN=C(N=C(N)N=O)N(C=O)C(C)N,0.7904888168539335
C=NNC(N=C=O)=NC(=NO)N(C)C,0.7898926635028931
C=NC(N=N)=NC(=N)N(C=O)C(C)=O,0.7895052174826755
C=NC(=NC(=N)N(C)CC(=N)O)NO,0.7890963472142897
C=CN(C(=N)N=C(N)N=O)C(C)=C=N,0.7890265026665674
N=C(N=C(N)N=O)N(C=C=O)C(O)O,0.7876060171147081
CNCCN(C)C(N=C(N)N)=NNN,0.7872596139000396
C=CN=C(N=C(N=N)N=O)N(C)CC,0.7856243653086387
C=CN(C(=C)C)C(=N)N=C(N=O)NO,0.7851047353377478
C=CN(C)C(=N)N=C(N=C)NN=C=O,0.7843442239206896
CC(N)N(C=O)C(N=C(N)N)=NCN,0.7829425650692857
C=NNC(N=C)=NC(=NO)N(C)CO,0.7827484199505439
C=CNC(N)=NC(=N)N(C=O)CN=N,0.7822080986989904
C=CN(C(=C)C)C(N=C(N)N=O)=NN,0.7798872400978001
CN=C(N=C(N)N=C=N)N(C)C=NO,0.7798207111225307
C=NNC(N=CC)=NC(=NO)N(C)C,0.7794698659875736
CN=C(N=C(N)N)N(C=O)C(N)CN,0.779373763687355
C=NC(N)=NC(=NC)N(C=N)C=NO,0.7776172853411114
C=NC(=NC(=NC)N(C)C=NO)NN,0.7771314307348568
C=C(C)N(C=CN)C(=N)N=C(N)N=O,0.7767823494010929
C=CN=C(N=C(N)N=O)N(C)CCO,0.7763174414731047
C=C=NC(=NC(=N)N(C)CC=N)NO,0.7761957513995591
COCN=C(N=C(N)N)N(C=O)CN,0.7753877205252991
C=CN(C(=C)CN)C(=N)N=C(N)N=O,0.7752426202027053
CN(C)C(=N)N=C(N=C=N)NN=C=O,0.773892746665623
CCN=C(N=C(N)N)N(C=O)C(C)N,0.7736623359387356
C=NC(=NC(=NO)N(C)C)NN=CN,0.7730524684630946
CN=C(N=C(N=O)NC)N(C)C(O)O,0.772688149625938
C=C=NNC(N=C)=NC(=NO)N(C)C,0.7724069598656784
COC(O)N(C=C=O)C(=N)N=C(N)N,0.7717387290458382
C=CN(CC=N)C(=N)N=C(N=C)NO,0.7710948552023269
C=NC(=NC(=NO)N(C)C)NN=CO,0.7706858365979615
C=CN(C(=C)C)C(=N)N=C(N=O)NC,0.7699783258936953
C=CN=C(N=C(N)N=O)N(C)C(C)=N,0.7693942931059297
COCN(C(=N)N=C(N)NN)C(C)=O,0.7686641810112897
C=NC(=NC(=N)N(C)C(=O)O)N(C)O,0.7685296230939689
C=NC(=NC(=N)N(CO)C(C)=O)NN,0.767989234828299
CCN=C(N=C(N=O)NC)N(C)CO,0.7675649191234202
N=NCN(C=O)C(=N)N=C(N)NCO,0.7674904669022325
NCCN(C=O)C(N=C(N)NO)=NN,0.7673888127761715
C=CN=C(N=C(N)N=C)N(C)C=NO,0.7671704124915814
C=NC(N)=NC(=NCC)N(C)C=NO,0.7669726109156183
CN=C(N=C(N=O)N(C)OO)N(C)C,0.7668246460895785
C=C=NC(=NC(=N)N(C)CO)N(C)O,0.7663080428445971
NCN(C=O)C(N=C(N)N)=NCON,0.7659760466361175
C=CN=C(N=C(N)N=O)N(C)C(C)N,0.765494140090622
C=NC(N=NC)=NC(=N)N(C=O)C=O,0.7654471948385507
C=C(C)N(C=C=N)C(=N)N=C(N)N=O,0.7641166881061198
CC(=N)N(C)C(=N)N=C(NO)N(C)O,0.7638855006999178
C=CN(C(=C)C)C(=N)N=C(N=N)N=O,0.7624757600051245
C=CN=C(N=C(N)N=O)N(CC)CN,0.7623215517849673
CNC(N)=NC(=NCO)N(C=O)CN,0.7620496212453629
CN(CC=N)C(=N)N=C(N=C=O)NO,0.7616203430133012
N=C(N=C(N)NN)N(CO)C(=O)C=O,0.7609120099851334
CN=C(N=C(N)NC)N(C=O)C(C)N,0.7607707819301227
C=NC(N)=NC(=NC)N(C)C=NOO,0.7606319631421129
CN=C(N=C(N=O)NC)N(C)C(N)O,0.7606116403597377
C=CC(=N)N(C)C(=N)N=C(NO)NO,0.7600944803724741
C=C=CN=C(N=C(N)N=O)N(C)CC,0.7597856194375165
CN=C(N=C(N=O)NC)N(CN)CO,0.7584647924402471
C=NC(=NC(=N)N(C)CC)NN=C=O,0.7579051625752141
CNC(=NC(=N)N(C=O)CN=N)NO,0.7575999844723957
C=NC(=NC(=N)N(C)C=N)NN=C=O,0.7574365503256327
CC(=O)N(CO)C(=N)N=C(N)NNN,0.755663589319363
C=CN=C(N=C(N)N=O)N(C=N)CC,0.7553836255685029
C=NC(N)=NC(=NC)N(C=NO)CO,0.7550413539133679
C=NC(=NC(=NC)N(C)CC=N)NO,0.7544661292643235
C=NNC(N=CO)=NC(=NO)N(C)C,0.7543724196927978
C=NC(=NC(=N)N(CN)CC=N)NO,0.7543004624478428
CCC(=O)N(CO)C(=N)N=C(N)NN,0.7542786866288808
CN=C(N=C(N=O)NC)N(C)CON,0.754091035103556
CC=CN=C(N=C(N=O)NO)N(C)C,0.7540443526963946
CN=C(N=C(N)NN=O)N(CN)CN,0.7540137043659381
NN=C(N=C(N)N)N(C=O)CCN=O,0.7537123053119996
CNC(=NC(=N)N(C=O)CN=N)NC,0.7525307229398001
C=NC(=NC(=N)N(C)CO)N(C)OC,0.7517457079404797
N=C=NC(N=N)=NC(=N)N(C=O)C=O,0.7516960823900358
C=C=NC(N=N)=NC(=N)N(C=O)C=O,0.7511701295513171
N=NC(N)=NC(=NN)N(C=O)CCN,0.7495381200504504
NCN(C=O)C(N=C(N)N)=NCOO,0.7489598485845997
NCCN(CN)C(N=C(N)N)=NNN,0.7472962920493187
CCN(C)C(N=C(N=O)N(C)O)=NC,0.7470966587157899
CN(C)C(=N)N=C(N=CO)NN=C=O,0.7469863435360643
C=NC(=NC(=NC)N(C)CO)N(C)O,0.7461539322871468
C=C(N)N=C(N=C(N=O)NO)N(C)C,0.7458549368064533
CN(C)C(=NC=O)N=C(N=O)N(C)O,0.7454975480482146
C=NC(N=N)=NC(=N)N(C=O)C(=O)O,0.7446528882602786
N=C(N=C(N)NN=O)N(CN)C(N)N,0.7429895213829696
N=CNC(N)=NC(=N)N(C=O)CN=N,0.7425244968006689
CNC(N=O)=NC(=NCO)N(C)CO,0.7423602501252066
CNC(N)=NC(=N)N(C=O)CN=NN,0.7419577376527726
CN=C(N=C(N=O)N(C)O)N(C)C=O,0.7410813681611513
CC(=O)N(CO)C(=N)N=C(NN)NN,0.7410298498195035
CN(CCNO)C(N=C(N)N)=NNN,0.7407508971150044
CNC(=NC(=N)N(C=O)CN=N)NN,0.7404018952553219
C=NC(=NC(=N)N(CO)CC=N)NO,0.7399197292888312
C=NC(N=NN)=NC(=N)N(C=O)C=O,0.7397471912587109
NC(N)=NC(=NCO)N(C=O)CN=O,0.7393804379739215
CC(=O)N(CO)C(=N)N=C(N)NN=O,0.738725160182968
C=C(N)N(CN)C(=N)N=C(N)NN=O,0.7374048357757751
C=NC(=NC(=NO)N(C)C)N(O)N=C,0.7345484506827656
CN(CCN=N)C(N=C(N)N)=NNN,0.731794965149938
C=NC(=NC(=N)N(C)CN)NN=C=O,0.7312675792654117
C=C=CN(C(=C)C)C(=N)N=C(N)N=O,0.7310669644130517
C=C(C)N(C(=C)O)C(=N)N=C(N)N=O,0.7305221427074226
CC(=O)N(CO)C(=N)N=C(N)N(N)O,0.7303906918217773
CN=C(N=C(N)N=C=O)N(C)C=NO,0.7303441217440974
CN(CCN)C(N=C(N)NN)=NNN,0.7293823430156666
C=NC(=NC(=N)N(C)C(=N)C=N)NO,0.7282097653508806
C=NC(=NC(=N)N(CN)CN)NN=O,0.7279318557613975
C=NC(=NC(=N)N(C)C(=O)C=N)NO,0.7271041883365791
C=NC(=NC(=N)N(C)CC(=N)N)NO,0.726309509289891
C=CN=C(N=C(N=O)NOC)N(C)C,0.7263013092326841
CN=C(N=C(N=O)N(C)OC)N(C)C,0.7262685595564523
C=C(C)N(C=C=O)C(=N)N=C(N)N=O,0.7261198423979238
CCN(CO)C(N=C(N=O)NC)=NC,0.7260154402973442
C=CN(C(=C)C)C(=N)N=C(N=C)N=O,0.7259435938574912
CC=NC(N)=NC(=NC)N(C)C=NO,0.7247117055591429
N=NN=C(N=C(N)N)N(C=O)CCN,0.7242261237028955
C=NC(N=N)=NC(=NC)N(C=O)C=O,0.7230055453456863
NCCN(C=O)C(N=C(N)N)=NN=O,0.7223487795831742
CNNN=C(N=C(N)N)N(C)CCN,0.7222694529500996
CN(C)C(=N)N=C(N=C=O)NN=C=O,0.7213193441632508
C=CC(=O)N(CO)C(=N)N=C(N)NN,0.7200396626994767
CNC(N)=NC(=N)N(CN=N)C(C)=O,0.7195783956937312
C=NC(=NC(=NC)N(C)C=NO)NC,0.7186665213711392
C=CN(C(=N)N=C(N)N=O)C(C)=CN,0.7182545075660768
CN=C(N=C(N=O)NC)N(C=N)CO,0.7178466841737523
CC(=NN)N(C)C(=N)N=C(NO)NO,0.7163417935106451
C=CN(O)C(N=O)=NC(=NC)N(C)C,0.7162266762946257
C=NC(N)=NC(=NC=O)N(C)C=NO,0.7160757834340148
N=NC(N=CO)=NC(=N)N(C=O)C=O,0.7156356899786567
CC(=O)N(C(=N)N=C(N)NN)C(=O)O,0.7152820001034216
CC(=O)N(CO)C(=N)N=C(N)NNO,0.7152317247419075
NCN(C=O)C(N=C(N)N=O)=NCO,0.7134439574876537
CN=C(N=C(N=O)N(O)CO)N(C)C,0.7132342601686147
CC(=N)N(C)C(=N)N=C(NO)N(N)O,0.7127613433446047
CC=NC(=NC(=N)N(C)CO)N(C)O,0.7124008055851565
C=NC(=NC(=N)N(C)C(O)O)N(C)O,0.7123999414623472
NN=C(N=C(N)N)N(C=C=O)C(O)O,0.7097572579214709
C=C=NC(=NC(=NO)N(C)C)NN=C,0.7095762219415132
C=NC(N)=NC(=NCN)N(C)C=NO,0.7088910800644479
C=NC(N=N)=NC(=NO)N(C=O)C=O,0.7087020297455372
CN(O)C(N=CO)=NC(=N)N(C)CO,0.7074351949214663
NCN(CN)C(N=C(N)NN=O)=NO,0.7069433440633378
C=C(CN)N(C=O)C(N=C(N)N)=NN,0.7056613682226126
C=CC(N)N(C=O)C(N=C(N)N)=NC,0.7053362999220624
C=C(C)N(C(=C)C)C(=N)N=C(N)N=O,0.7045332315424728
N=NC(N=C=O)=NC(=N)N(C=O)C=O,0.7029438460380503
C=C(N)N=C(N=C(N)N=O)N(C)CC,0.7011663200560164
C=NC(=NC(=N)N(C)CC=N)NOC,0.6996459788276409
NCCN(C=O)C(N=C(N)N=O)=NN,0.6986511733849602
CC(=N)N(C)C(=N)N=C(NO)N(O)O,0.6965318720677807
C=NC(N)=NC(=NC)N(C=NO)CN,0.6963602458338066
C=NNC(N=C)=NC(=NO)N(C)CN,0.6956029261302055
NC(N)=NC(=NCO)N(C=O)CNO,0.6931051554602088
C=CN(C(=C)C)C(=N)N=C(N=O)NN,0.6910370351056416
CC(=N)N(C=O)C(=N)N=C(NO)NO,0.6909781340970339
CC(=N)N(CN)C(=N)N=C(NO)NO,0.6904684014493143
CN=C(N=C(N=O)N(O)C=O)N(C)C,0.6902257868800239
CC=NC(=NC(=N)N(C)CC=N)NO,0.6899148436831731
C=NC(N=N)=NC(=NC)N(C)C=NO,0.6882803737405605
N=C(N=C(N)NN=O)N(CN)CN=O,0.6871847629437867
CNC(N)=NC(=N)N(C=O)C(C)N=N,0.6870499908632643
CN(CC(N)N)C(N=C(N)N)=NNN,0.6865855497094735
C=C(O)N=C(N=C(N=O)NO)N(C)C,0.6861572624479427
C=CN(C(=C)C=N)C(=N)N=C(N)N=O,0.6855611834956981
CCNC(N=O)=NC(=NC)N(C)CO,0.6847052280229226
N=CN(CCN)C(N=C(N)N)=NNN,0.6842209281540979
C=C(N)CN(C=O)C(N=C(N)N)=NN,0.6841723362226382
CN(C(N=C(N)N)=NNN)C(O)CN,0.6841443080300161
C=NC(=NC(=NC)N(C)C=NO)NO,0.6834279980213583
C=NC(=NC(=N)N(C)CO)N(O)C=O,0.6833385694916209
CC(=O)N(CCN)C(N=C(N)N)=NN,0.6832270805646383
CNC(N)=NC(=N)N(C=O)C(O)N=N,0.6809002660908742
C=NC(=NC(=N)N(CO)CO)N(C)O,0.6799703622467043
CN=C(N=C(N)N)N(C=O)C(N)C=N,0.6782803401245406
C=NC(=NC(=N)N(C)C(O)C=N)NO,0.6777243469460196
C=CN=C(N=C(N=O)NOO)N(C)C,0.6774814302357619
C=CN=C(N=C(N=O)NO)N(C)C=N,0.6741434539772639
N=C(N=C(N)NN)N(C=C=O)C(O)O,0.6730862744068733
C=CN=C(N=C(N=O)N(N)O)N(C)C,0.6710819510526131
CN(CC(N)=O)C(N=C(N)N)=NNN,0.6703107805027598
CN=C(N=C(N=O)N(C)ON)N(C)C,0.670303339930098
CN=C(N=C(N=O)NC=O)N(C)CO,0.6702359961344303
C=NC(=NC(=NO)N(C)C)N(N)N=C,0.6695177780978868
CCN(C)C(N=C(N)N=O)=NC=C=N,0.6690810204954166
C=NC(=NC(=N)N(C)CC=NN)NO,0.6667774121048622
CN=C(N=C(N)N=CN)N(C)C=NO,0.666406756172379
C=CN(O)C(N=C)=NC(=N)N(C)CO,0.664709988774236
CN=C(N=C(N=O)N(C)O)N(C)CN,0.6639762518367771
C=NC(=NC(=N)N(CN)CO)N(C)O,0.6613608738763597
CCN(C(C)=N)C(=N)N=C(NO)NO,0.6612749861136545
CC(=O)N(CO)C(=N)N=C(N)NN=N,0.6588153983650511
C=NC(N=N)=NC(=N)N(C=O)C(N)=O,0.657393424757209
N=C(N=C(N)NN)N(CO)C(=O)CO,0.6556179924729761
CN(C(=N)C=O)C(=N)N=C(NO)NO,0.6543137912214533
C=NC(=NC(=NN)N(C)CC=N)NO,0.654176765240854
NCN(CN)C(N=C(N)NN=O)=NN,0.6535748018897387
C=CN(C)C(N=C(N=C)NN=C)=NO,0.6526650861155506
C=NC(=NC(=N)N(C)CC(C)=N)NO,0.6512270847820576
CN(C)C(=NC=N)N=C(N=O)N(C)O,0.650483646502187
NCCN(C(N)=O)C(N=C(N)N)=NN,0.6500704296061084
CN(C(=N)CO)C(=N)N=C(NO)NO,0.6500261768989868
CC=CN=C(N=C(N)N=O)N(C)CC,0.6499868528757943
C=NCCN(C)C(N=C(N)N)=NNN,0.649309605173714
C=NC(=NC(=N)N(C)CC=NO)NO,0.6485339183105365
NN=C(N=C(N)N)N(C=O)CC(N)=O,0.6481226980846643
N=C(N=C(N)NN)N(CO)C(=O)CN,0.6475603528471855
CN=C(N=C(N)N=CO)N(C)C=NO,0.6461018404669757
C=NC(=NC(=N)N(C)COO)N(C)O,0.6458861260311274
C=NNN=C(N=C(N)N)N(C)CCN,0.6456000339811898
C=NNC(N=C)=NC(=NOC)N(C)C,0.6453780327766327
CN(CCN)C(N=C(N)N)=NN(N)N,0.6447422810886181
CNC(=NC(=N)N(CO)C(C)=O)NN,0.6446441502833649
CC(=N)N(C)C(N=C(NO)NO)=NO,0.6438882000762765
C=NNC(N=CN)=NC(=NO)N(C)C,0.6437638909252459
N=NCN(C=O)C(=N)N=C(N)NC=O,0.6437586959496264
C=NC(=NC(=NN)N(C)C)NN=C=O,0.6430530112560537
C=NC(N)=NC(=NC)N(C)C(O)=NO,0.642691940162578
CN(O)C(N=C=O)=NC(=N)N(C)CO,0.641217412059095
C=NC(N)=NC(=NC=N)N(C)C=NO,0.6407614113962213
CNC(N)=NC(=NN)N(C=O)CN=N,0.6396053183577899
C=NC(=NC(=NO)N(C)CO)N(C)O,0.6379290839376233
CC(=O)N(C(=N)O)C(=N)N=C(N)NN,0.6377562875146924
CN=C(N=C(N)N=N)N(C=O)C(C)N,0.6372695019887913
C=NC(N)=NC(=NCO)N(C)C=NO,0.6325453801370433
C=NC(=NC(=N)N(C)C(C)C=N)NO,0.6324887013223679
C=C(O)N(C(=N)N=C(N)NN)C(C)=O,0.6282384362707959
C=NC(=NC(=N)N(C)C)N(C)N=C=O,0.6274366306051383
CN(C)C(N)=NC(=N)N(C=O)CN=N,0.6270982394757161
N=C(N=C(N)N)N(C=C=O)C(N)(O)O,0.6251082935689019
N=C(N=C(N)NN=O)N(CN)CNN,0.6220726774567629
CN=C(N=C(NO)NO)N(C)C(C)=N,0.6201500391403261
CN(C)C(=NCN)N=C(N=O)N(C)O,0.6176460347491214
CNC(N)=NC(=N)N(CN=N)C(=O)O,0.617570523062367
CN=C(N=C(N)N)N(C=O)C(C)NO,0.6173735921193725
CNC(=NC(=N)N(CN)CN)NN=O,0.6138832906317848
C=NC(N)=NC(=NC)N(C)C=NOC,0.6134246784619487
CNCN(CN)C(=N)N=C(N)NN=O,0.611265005091362
NC(N)=NC(=NO)N(C=C=O)C(O)O,0.6103953898460452
C=C(N=N)N(C=O)C(=N)N=C(N)NC,0.610176062225856
CC(=O)N(CO)C(=N)N=C(N=N)NN,0.6095800728493753
CN(CCN)C(N=C(N)NO)=NNN,0.6083727990606954
CN(C(=N)C=N)C(=N)N=C(NO)NO,0.605880459448696
C=NC(N)=NC(=NC)N(C)C(C)=NO,0.6023753357250995
CN(CC=N)C(=N)N=C(N=CN)NO,0.6023195536109828
NCC(=O)N(C=O)C(N=C(N)N)=NN,0.598261993630277
CN=C(N=C(N)NN)N(CO)C(C)=O,0.5943653412026231
CC(=O)N(CO)C(=N)N=C(NN)NO,0.5941421372076314
CNC(N)=NC(=N)N(C=O)C(N)N=N,0.5941359149593307
CCN(C)C(N=C(N)N=O)=NC=C=O,0.5916264649993377
CC(=O)N(CN)C(N=C(N)N)=NCO,0.5915532472302948
C=NC(=NC(=NO)N(C)C)N(C)N=C,0.5912789441060606
CCC(=N)N(C)C(=N)N=C(NO)NO,0.5912261611532166
CCN(C)C(N=C(N)N=O)=NC=CO,0.5885170073977709
N=NCCN(C=O)C(N=C(N)N)=NN,0.5865851190627487
C=CN(CCN)C(N=C(N)N)=NNN,0.5863359504941842
CC(=N)N(C)C(N=C(NO)NO)=NN,0.5847094642895739
N=NC(N=CN)=NC(=N)N(C=O)C=O,0.5838133413445435
CN=C(N=C(N=O)N(C)C)N(C)CO,0.5806119141418861
CN=C(N=C(N=O)N(O)C=N)N(C)C,0.5796369506280361
CNC(N)=NC(=NNN)N(C)CCN,0.5745474369919289
C=C(N)CN(C)C(N=C(N)N)=NNN,0.5741916618826625
NCC(O)N(C=O)C(N=C(N)N)=NN,0.5730105682115442
N=C(N)N(C=O)C(N=C(N)N)=NCO,0.5718106368262302
CN=C(N=C(N)N)N(C=O)C(C)(N)O,0.5705575133247022
CN(C)C(N=C(N=O)NO)=NC=CO,0.569749340051544
N=CC(=O)N(CO)C(=N)N=C(N)NN,0.5697286849624895
CC(=C=O)N(C(=N)N=C(N)N)C(O)O,0.5670651728609283
C=NC(N)=NC(=NC)N(C)C=NON,0.565198029136086
C=NNC(N=C)=NC(=NON)N(C)C,0.5651461006453256
CN(O)C(N=C=N)=NC(=N)N(C)CO,0.5648192541060048
NC(N)=NC(=NCO)N(C=O)C(N)N,0.5622759231662553
C=NC(=NC(=N)N(C)C(=N)O)N(C)O,0.5601246909450112
C=NC(=NC(=N)N(CC)CO)N(C)O,0.5595423661015109
N=C(N=C(N)N)N(C=C=O)C(O)OO,0.5578798884743601
C=NCN(C=O)C(N=C(N)N)=NCO,0.5578331124824603
CCN(C)C(N=C(N)N=O)=NC=CN,0.5547027850737782
CC(=O)N(CO)C(N=C(N)NN)=NN,0.554562007673069
C=CN=C(N=C(N=O)NON)N(C)C,0.5515454711087574
CC(=N)N(C=N)C(=N)N=C(NO)NO,0.5494646723752654
CN(C)C(N=C(N=O)NO)=NC=C=O,0.547674061347032
C=NC(C)N(C=O)C(N=C(N)N)=NC,0.546993998547755
C=NC(=NC(=N)N(C)CO)N(O)CC,0.5448887643563329
CNC(N=O)=NC(=NC=O)N(C)CO,0.5432989871432642
CN=C(N=C(N)N)N(C=O)C(C)N=N,0.543120361054672
N=C(N=C(N)N(N)N=O)N(CN)CN,0.5420851407545656
CC(=O)N(CO)C(N=C(N)NN)=NO,0.5411979923999303
CN(C(=N)CN)C(=N)N=C(NO)NO,0.5385835737227602
N=C(N=C(NN)NN=O)N(CN)CN,0.5380121265705203
NC(=O)N(C=O)C(N=C(N)N)=NCO,0.5377971446455453
N=NCN(C=O)C(N=C(N)N)=NCO,0.5367925789802305
CC(=O)N(CO)C(=N)N=C(N)N(N)N,0.535609996864215
C=C(CN)N(C)C(N=C(N)N)=NNN,0.5336601956839554
N=NC(=NC(=N)N(CN)CN)NN=O,0.5320904476280256
CN(C(=O)CN)C(N=C(N)N)=NNN,0.5318820458430684
N=NC(N)=NC(=NCO)N(C=O)CN,0.531582877603842
CC(=NO)N(C)C(=N)N=C(NO)NO,0.5310717461751396
C=NNC(N)=NC(=N)N(CO)C(C)=O,0.5300710506468324
CC(CN)N(C=O)C(N=C(N)N)=NN,0.526528413444076
N=C(CN)N(C=O)C(N=C(N)N)=NN,0.5251981989833082
CNCN(C=O)C(N=C(N)N)=NCO,0.5245192839594742
CN(CC=N)C(=N)N=C(N=CO)NO,0.5233188351234301
CC(N)N(C=O)C(N=C(N)N)=NC=N,0.5229809598175865
CN(CC(N)O)C(N=C(N)N)=NNN,0.5191394305433652
C=C(C)N(C(=C)N)C(=N)N=C(N)N=O,0.5158355485590854
CNC(N)=NC(=N)N(C=O)C(=N)N=N,0.5154548380422981
CN(CCN)C(N=C(N)N)=NNN=O,0.5151418690106147
CN=C(N=C(N)N)N(C=O)C(C)NC,0.5121585122783535
N=C(N=C(N)N)N(C=C=O)C(O)(O)O,0.5117269418408337
C=NNC(N=C)=NC(=NOO)N(C)C,0.5051352413552823
CN=C(N=C(N=O)N(O)CN)N(C)C,0.5
NCC(N)N(C=O)C(N=C(N)N)=NN,0.5
N=C(N=C(N)N)N(C=C=O)C(O)ON,0.5
CN(N=O)C(N)=NC(=N)N(CN)CN,0.48976989282295824
CN(C)C(N=C(N=O)NO)=NC=CN,0.4886124548503638
CN(CCN)C(N=C(N)N)=NN(N)O,0.48665822833720696
NCN(C(=O)O)C(N=C(N)N)=NCO,0.4803551074020639
C=NC(N=N)=NC(=NN)N(C=O)C=O,0.4781874387081979
C=NCN(CN)C(=N)N=C(N)NN=O,0.47745527443874153
CN=C(N=C(N=O)N(C)O)N(C)C=N,0.47636812354961633
CC(=O)N(COO)C(=N)N=C(N)NN,0.46916607237394037
C=NC(=NC(=N)N(C)CC=N)N(N)O,0.46906622499304923
C=NC(=NC(=N)N(C)CO)N(O)C=N,0.46733931232592063
CC(=O)N(CO)C(=N)N=C(N=O)NN,0.46261396219386347
CC(=O)N(CO)C(=N)N=C(N)N(C)N,0.4620891942312333
CN(C)C(=NCO)N=C(N=O)N(C)O,0.4595623851851074
CCN(O)C(N=O)=NC(=NC)N(C)C,0.4580838747143749
CC(=N)N(C)C(=N)N=C(NO)NOO,0.45602638477504104
CN(CCN)C(N=C(N)N)=NNNO,0.4547102869118091
CN=C(N=C(N)N)N(C=O)C(C)NN,0.45462124420913885
CC(=N)N(C)C(=N)N=C(NO)NON,0.45189909054238936
CONC(=NC(=N)N(C)C(C)=N)NO,0.44374229137062043
N=C(N=C(N)N(O)N=O)N(CN)CN,0.440481414204149
CN=C(N=C(N)N)N(C=O)C(N)C=O,0.43181391699598337
CNNC(N)=NC(=N)N(CO)C(C)=O,0.4286194588150643
N=C(N=C(N)N)N(C(N)=C=O)C(O)O,0.42802508225999436
N=C(N)N(CN)C(=N)N=C(N)NN=O,0.4249191331531177
CN=C(N=C(N)N)N(C=O)C(C)N=O,0.4243535703905855
N=C(N=C(N=O)NN=O)N(CN)CN,0.41302305445696685
CN(O)C(N=CN)=NC(=N)N(C)CO,0.4086203236015064
CN=C(C)N(C)C(=N)N=C(NO)NO,0.40754596451290526
CN(C(N=C(N)N)=NNN)C(N)CN,0.4039393687238276
CN=C(N=C(N)N)N(C=O)C(C)(C)N,0.40324918990560543
CC(=O)N(C(=N)N=C(N)NN)C(C)O,0.4030539229327961
C=NC(=NC(=N)N(C)C(N)C=N)NO,0.4013873193943546
N=C(N=C(N)NN=O)N(CN)CNO,0.398307646782748
N=NCN(CN)C(=N)N=C(N)NN=O,0.39703709885581884
N=C(N=C(N)NN=O)N(CN)C(N)=O,0.3965245611410719
N=C(N=C(N)N)N(C(O)=C=O)C(O)O,0.3924420636796955
C=NC(=NC(=N)N(C)CON)N(C)O,0.3851850066626501
C=NC(=NC(=NN)N(C)CO)N(C)O,0.3822530653239116
CN(C(=N)CN)C(N=C(N)N)=NNN,0.3813670381167907
C=NC(=NC(=N)N(C)COC)N(C)O,0.37800299824240613
C=NC(=NC(=N)N(C)CO)N(C)ON,0.3762837735412246
CN=C(N=C(N)N)N(C(=O)O)C(C)N,0.37553061600998794
CC(=O)N(C(=N)N=C(N)NN)C(O)O,0.3740791711336045
NCN(C(N)=O)C(N=C(N)N)=NCO,0.36546073091374043
CC(N)CN(C)C(N=C(N)N)=NNN,0.36342538876231295
CN(N)N=C(N=C(N)N)N(C)CCN,0.360129238378824
CNC(N)=NC(=NO)N(C=O)CN=N,0.3591331292760619
C=NC(N)=NC(=NC)N(C)C(N)=NO,0.3573613814738051
CN=C(N=C(N)N)N(C(C)=O)C(C)N,0.35408492569876066
CN(C)C(=N)N=C(N=CN)NN=C=O,0.34996772020787864
CC(CN)N(C)C(N=C(N)N)=NNN,0.3490886901960588
CN=C(N=C(N)N)N(C(N)=O)C(C)N,0.347819046262036
C=NC(=NC(=N)N(C)C)N(N)N=C=O,0.3468761091905602
C=NC(=NC(=N)N(C=N)CO)N(C)O,0.3437015593731461
CNC(N)=NC(=N)N(C=O)C(=O)N=N,0.3383381117923305
CN(C)C(N=C(N=O)NO)=NC=C=N,0.3326594917573067
CC(=O)N(CON)C(=N)N=C(N)NN,0.330850725228137
NCCN(C(=O)O)C(N=C(N)N)=NN,0.33038089157145734
CN(CCN)C(N=C(N)N)=NNN=N,0.3282326016335375
CNC(N)=NC(=N)N(CN=N)C(N)=O,0.3212919115297077
CN=C(N=C(N)N)N(C=O)C(C)(N)N,0.3057527093469097
C=C(N)N(C=O)C(N=C(N)N)=NCO,0.29147505026484866
CN=C(N=C(N=O)N(C)N)N(C)CO,0.28879694213975
N=C(N=C(NO)NN=O)N(CN)CN,0.2752092500058708
CC(=O)N(C(=N)N=C(N)NN)C(N)O,0.2545492512604336
CC(N)N(C=O)C(N=C(N)N)=NC=O,0.2250145511586605
CC(O)(O)N(C=C=O)C(=N)N=C(N)N,0.1788599300213796
